-- phpMyAdmin SQL Dump
-- version 5.1.1
-- https://www.phpmyadmin.net/
--
-- Host: localhost
-- Generation Time: Sep 10, 2021 at 10:16 AM
-- Server version: 10.2.37-MariaDB
-- PHP Version: 7.2.30

SET SQL_MODE = "NO_AUTO_VALUE_ON_ZERO";
START TRANSACTION;
SET time_zone = "+00:00";


/*!40101 SET @OLD_CHARACTER_SET_CLIENT=@@CHARACTER_SET_CLIENT */;
/*!40101 SET @OLD_CHARACTER_SET_RESULTS=@@CHARACTER_SET_RESULTS */;
/*!40101 SET @OLD_COLLATION_CONNECTION=@@COLLATION_CONNECTION */;
/*!40101 SET NAMES utf8mb4 */;

--
-- Database: `demo3ed_bugler_coaches`
--

-- --------------------------------------------------------

--
-- Table structure for table `bookings`
--

CREATE TABLE `bookings` (
  `id` int(11) NOT NULL,
  `user_id` int(11) NOT NULL,
  `coach_id` int(11) NOT NULL,
  `booking_start` bigint(20) DEFAULT NULL,
  `booking_end` bigint(20) DEFAULT NULL,
  `trip_end_timstamp` bigint(20) NOT NULL,
  `trip_id` int(11) NOT NULL,
  `status` tinyint(4) NOT NULL DEFAULT 1,
  `created_at` timestamp NULL DEFAULT current_timestamp(),
  `updated_at` timestamp NULL DEFAULT NULL ON UPDATE current_timestamp()
) ENGINE=InnoDB DEFAULT CHARSET=utf8mb4;

--
-- Dumping data for table `bookings`
--

INSERT INTO `bookings` (`id`, `user_id`, `coach_id`, `booking_start`, `booking_end`, `trip_end_timstamp`, `trip_id`, `status`, `created_at`, `updated_at`) VALUES
(5, 45, 14, 1625738400, 1625740200, 0, 647856, 1, '2021-07-07 04:55:24', '2021-07-07 04:55:24'),
(6, 45, 14, 1625824800, 1625826600, 0, 647857, 1, '2021-07-07 04:56:12', '2021-07-07 04:56:12'),
(7, 47, 23, 1626341400, 1626342300, 0, 647852, 1, '2021-07-12 11:57:16', '2021-07-12 11:57:16'),
(8, 47, 23, 1626334200, 1626335100, 0, 647854, 1, '2021-07-12 11:58:26', '2021-07-12 11:58:26'),
(9, 47, 23, 1626364800, 1626366600, 0, 647855, 1, '2021-07-12 12:00:36', '2021-07-12 12:00:36'),
(10, 49, 23, 1626423900, 1626427500, 0, 647859, 1, '2021-07-15 05:30:00', '2021-07-15 05:30:00'),
(11, 45, 14, 1630656000, 1630657800, 0, 647860, 1, '2021-08-31 09:18:24', '2021-08-31 09:18:24'),
(12, 45, 14, 1630669500, 1630669500, 0, 647861, 1, '2021-08-31 09:20:35', '2021-08-31 09:20:35'),
(13, 45, 14, 1630659600, 1630660500, 0, 647862, 1, '2021-08-31 09:22:20', '2021-08-31 09:22:20'),
(14, 45, 14, 1631682000, 1631685600, 1631707200, 647865, 1, '2021-09-02 07:04:28', '2021-09-02 07:04:28'),
(15, 53, 23, 1631174400, 1631176200, 1631541600, 647867, 1, '2021-09-09 13:44:54', '2021-09-09 13:44:54'),
(16, 51, 27, 1631190600, 1631192400, 1631550600, 647868, 1, '2021-09-09 13:45:59', '2021-09-09 13:45:59');

-- --------------------------------------------------------

--
-- Table structure for table `coaches`
--

CREATE TABLE `coaches` (
  `id` int(11) NOT NULL,
  `registration_no` varchar(100) NOT NULL,
  `coach_name` varchar(255) NOT NULL,
  `coach_type` int(11) NOT NULL,
  `status` enum('Active','Inactive','Booked','Available') NOT NULL DEFAULT 'Available',
  `created_at` timestamp NOT NULL DEFAULT current_timestamp(),
  `updated_at` timestamp NULL DEFAULT NULL
) ENGINE=InnoDB DEFAULT CHARSET=utf8mb4;

--
-- Dumping data for table `coaches`
--

INSERT INTO `coaches` (`id`, `registration_no`, `coach_name`, `coach_type`, `status`, `created_at`, `updated_at`) VALUES
(14, 'OO05BOY', 'BOY', 31, 'Booked', '2020-07-02 12:46:27', '2021-09-02 07:04:28'),
(15, 'BIG 9304', '9304', 31, 'Booked', '2020-07-02 12:47:08', '2021-07-05 08:11:28'),
(16, 'HHF', 'HHF - King Long', 31, 'Booked', '2020-07-02 12:48:20', '2021-06-21 09:49:59'),
(17, 'CCE', 'CCE - King Long', 31, 'Booked', '2020-07-02 12:48:35', '2021-06-02 10:43:06'),
(18, 'IIG 7761', '29 Seat Iveco', 32, 'Available', '2020-07-02 12:48:51', '2020-07-02 10:51:49'),
(19, 'BIG 6862', '6862', 31, 'Booked', '2020-07-02 12:49:07', '2021-05-20 07:22:44'),
(20, 'BIG 9307', '9307', 31, 'Booked', '2020-07-02 12:51:01', '2021-07-05 08:12:16'),
(21, 'IIG 7765', '7765', 31, 'Booked', '2020-07-02 12:51:11', '2021-07-06 14:28:14'),
(22, 'BIG 9866', '9866', 31, 'Booked', '2020-07-02 12:51:26', '2021-06-09 09:30:53'),
(23, 'CYP', 'CYP - King Long', 32, 'Booked', '2020-07-02 12:52:42', '2021-09-09 13:44:54'),
(24, 'BIG 6694', '6694 Pro Bus', 35, 'Available', '2020-07-02 12:58:27', '2021-03-01 07:43:23'),
(25, 'BIG 6695', '6695 - Pro Bus', 35, 'Booked', '2020-07-02 12:58:53', '2021-03-12 10:37:12'),
(26, 'AEC', 'AEC - King Long', 32, 'Available', '2020-07-02 12:59:17', NULL),
(27, 'BWG', 'BWG - King Long', 32, 'Booked', '2020-07-02 12:59:32', '2021-09-09 13:45:59'),
(28, 'KX54 NKG', 'Enviro 300', 32, 'Available', '2020-07-02 13:02:43', '2021-03-11 11:39:04'),
(29, 'BIG 7763', '7763 - Mercedes', 32, 'Booked', '2020-07-02 13:03:11', '2021-07-06 14:06:26'),
(30, 'IIG 1468', '1468', 33, 'Booked', '2020-07-02 13:03:44', '2021-03-28 12:55:57'),
(31, 'IIG 7035', '7035', 33, 'Available', '2020-07-02 13:03:57', NULL),
(32, 'IIG 6417', '6417', 33, 'Available', '2020-07-02 13:04:09', NULL),
(33, 'IIG 6417', '6417', 36, 'Available', '2020-07-02 13:04:09', '2021-02-19 16:05:40');

-- --------------------------------------------------------

--
-- Table structure for table `coach_driver_trip`
--

CREATE TABLE `coach_driver_trip` (
  `id` int(11) NOT NULL,
  `driver_id` bigint(20) NOT NULL DEFAULT 0,
  `trip_id` int(11) NOT NULL COMMENT 'inquiry_id',
  `coach_id` int(11) NOT NULL,
  `reporting_time` time DEFAULT NULL COMMENT 'driver reporting time',
  `departure_time` time DEFAULT NULL COMMENT 'driver departure time',
  `slot_time` varchar(255) DEFAULT NULL,
  `created_at` timestamp NOT NULL DEFAULT current_timestamp(),
  `updated_at` timestamp NULL DEFAULT NULL,
  `status` enum('active','over','start') NOT NULL DEFAULT 'active'
) ENGINE=MyISAM DEFAULT CHARSET=utf8mb4;

--
-- Dumping data for table `coach_driver_trip`
--

INSERT INTO `coach_driver_trip` (`id`, `driver_id`, `trip_id`, `coach_id`, `reporting_time`, `departure_time`, `slot_time`, `created_at`, `updated_at`, `status`) VALUES
(8, 57, 90, 21, '11:50:00', '10:49:00', NULL, '2020-09-09 05:20:01', NULL, 'over'),
(7, 48, 90, 19, '11:50:00', '10:49:00', NULL, '2020-09-09 05:20:01', NULL, 'over'),
(6, 47, 85, 15, '06:31:00', '07:15:00', NULL, '2020-09-08 12:13:14', NULL, 'over'),
(5, 45, 72, 14, '06:00:00', '06:45:00', NULL, '2020-07-13 09:40:57', NULL, 'over'),
(9, 46, 92, 20, '12:46:00', '12:46:00', NULL, '2020-09-09 06:16:46', NULL, 'over'),
(10, 56, 92, 17, '12:46:00', '12:46:00', NULL, '2020-09-09 06:16:46', NULL, 'over'),
(11, 57, 98, 21, '07:45:00', '08:00:00', NULL, '2020-09-17 08:51:38', NULL, 'active'),
(12, 50, 99, 19, '07:30:00', '07:45:00', NULL, '2020-09-17 09:25:15', NULL, 'active'),
(13, 53, 100, 15, '07:45:00', '08:00:00', NULL, '2020-09-17 09:31:55', NULL, 'active'),
(14, 52, 101, 24, '07:30:00', '07:45:00', NULL, '2020-09-17 09:37:47', NULL, 'active'),
(15, 46, 102, 28, '07:30:00', '07:45:00', NULL, '2020-09-17 09:49:19', NULL, 'active'),
(16, 56, 103, 17, '06:45:00', '04:07:00', NULL, '2020-09-17 09:55:49', NULL, 'active'),
(17, 47, 104, 16, '06:45:00', '07:00:00', NULL, '2020-09-17 09:58:41', NULL, 'active'),
(18, 51, 105, 25, '06:45:00', '07:00:00', NULL, '2020-09-17 10:06:34', NULL, 'active'),
(19, 45, 107, 15, '07:30:00', '07:45:00', NULL, '2020-09-28 11:10:31', NULL, 'active'),
(20, 47, 405428, 33, '07:05:00', '07:30:00', NULL, '2021-02-19 17:05:40', NULL, 'active'),
(21, 54, 405429, 25, '12:01:00', '14:03:00', NULL, '2021-03-01 05:30:07', NULL, 'active'),
(22, 45, 405430, 20, '06:30:00', '07:30:00', NULL, '2021-03-01 08:12:23', NULL, 'active'),
(23, 56, 405431, 24, '07:00:00', '07:15:00', NULL, '2021-03-01 08:43:23', NULL, 'active'),
(24, 49, 405449, 20, '11:00:00', '11:15:00', NULL, '2021-03-12 11:14:43', NULL, 'active'),
(25, 53, 405450, 27, '07:00:00', '07:15:00', NULL, '2021-03-12 11:28:29', NULL, 'active'),
(26, 57, 405451, 29, '15:00:00', '15:15:00', NULL, '2021-03-12 11:29:17', NULL, 'active'),
(27, 51, 405454, 25, '07:00:00', '17:15:00', NULL, '2021-03-12 11:37:12', NULL, 'active'),
(28, 48, 405479, 14, '13:10:00', '10:58:00', NULL, '2021-03-24 05:27:07', NULL, 'active'),
(29, 50, 405498, 16, '11:00:00', '12:29:00', 'Afternoon only trip', '2021-03-24 06:56:51', NULL, 'active'),
(30, 46, 405480, 30, '13:10:00', '12:55:00', NULL, '2021-03-28 14:55:57', NULL, 'active'),
(31, 52, 647809, 19, '08:00:00', '08:10:00', 'Morning only trip', '2021-05-20 09:22:44', NULL, 'active'),
(32, 55, 647819, 15, '14:00:00', '13:30:00', 'Afternoon only trip', '2021-05-20 09:39:26', NULL, 'active'),
(33, 58, 647842, 17, '07:00:00', '07:30:00', NULL, '2021-06-02 12:43:06', NULL, 'active'),
(34, 45, 647845, 22, '08:30:00', '09:30:00', NULL, '2021-06-09 11:30:53', NULL, 'active'),
(35, 45, 647848, 14, '08:00:00', '08:15:00', NULL, '2021-06-21 11:44:21', NULL, 'active'),
(36, 53, 647848, 16, '08:00:00', '08:15:00', NULL, '2021-06-21 11:45:45', NULL, 'active'),
(37, 53, 647849, 16, '10:50:00', '10:50:00', NULL, '2021-06-21 11:46:55', NULL, 'active'),
(38, 53, 647850, 16, '13:00:00', '13:00:00', NULL, '2021-06-21 11:47:59', NULL, 'active'),
(39, 53, 647851, 16, '09:30:00', '10:00:00', NULL, '2021-06-21 11:49:59', NULL, 'active'),
(40, 45, 647849, 14, '10:00:00', '10:15:00', NULL, '2021-07-05 09:51:00', NULL, 'active'),
(41, 49, 647849, 15, '10:00:00', '10:15:00', NULL, '2021-07-05 10:11:28', NULL, 'active'),
(42, 52, 647849, 20, '10:00:00', '10:15:00', NULL, '2021-07-05 10:12:16', NULL, 'active'),
(43, 46, 647852, 23, '09:15:00', '09:30:00', NULL, '2021-07-05 10:15:57', NULL, 'active'),
(44, 57, 647854, 29, '07:05:00', '07:55:00', 'Morning only trip', '2021-07-06 16:06:26', NULL, 'active'),
(45, 55, 647854, 23, '07:06:00', '08:07:00', 'Morning only trip', '2021-07-06 16:07:28', NULL, 'active'),
(46, 54, 647854, 21, '07:27:00', '08:00:00', 'Morning only trip', '2021-07-06 16:28:14', NULL, 'active'),
(47, 45, 647856, 14, '10:00:00', '10:30:00', 'Morning only trip', '2021-07-07 06:49:11', NULL, 'active'),
(48, 45, 647856, 14, '10:00:00', '10:30:00', 'Morning only trip', '2021-07-07 06:50:18', NULL, 'active'),
(49, 45, 647856, 14, '10:00:00', '10:30:00', 'Morning only trip', '2021-07-07 06:51:08', NULL, 'active'),
(50, 45, 647856, 14, '10:00:00', '10:30:00', 'Morning only trip', '2021-07-07 06:55:24', NULL, 'active'),
(51, 45, 647857, 14, '10:00:00', '10:30:00', 'Morning only trip', '2021-07-07 06:56:12', NULL, 'active'),
(52, 47, 647852, 23, '09:30:00', '09:45:00', NULL, '2021-07-12 13:57:16', NULL, 'active'),
(53, 47, 647854, 23, '07:30:00', '07:45:00', NULL, '2021-07-12 13:58:26', NULL, 'active'),
(54, 47, 647855, 23, '16:00:00', '16:30:00', NULL, '2021-07-12 14:00:36', NULL, 'active'),
(55, 49, 647859, 23, '08:25:00', '09:25:00', 'Morning only trip', '2021-07-15 07:30:00', NULL, 'active'),
(56, 45, 647860, 14, '08:00:00', '08:30:00', NULL, '2021-08-31 11:18:24', NULL, 'active'),
(57, 45, 647861, 14, '11:45:00', '11:45:00', NULL, '2021-08-31 11:20:35', NULL, 'active'),
(58, 45, 647862, 14, '09:00:00', '09:15:00', NULL, '2021-08-31 11:22:20', NULL, 'active'),
(59, 45, 647865, 14, '05:00:00', '06:00:00', 'Morning only trip', '2021-09-02 09:04:28', NULL, 'active'),
(60, 53, 647867, 23, '08:00:00', '08:30:00', NULL, '2021-09-09 15:44:54', NULL, 'active'),
(61, 51, 647868, 27, '12:30:00', '13:00:00', NULL, '2021-09-09 15:45:59', NULL, 'active');

-- --------------------------------------------------------

--
-- Table structure for table `coach_types`
--

CREATE TABLE `coach_types` (
  `id` int(11) NOT NULL,
  `type` varchar(255) NOT NULL,
  `cost_per_mile` float(10,2) NOT NULL,
  `cost_per_day` float(10,2) NOT NULL,
  `cost_per_driver` float(10,2) NOT NULL,
  `status` tinyint(1) NOT NULL DEFAULT 1,
  `created_at` timestamp NOT NULL DEFAULT current_timestamp(),
  `updated_at` timestamp NULL DEFAULT NULL
) ENGINE=InnoDB DEFAULT CHARSET=utf8mb4;

--
-- Dumping data for table `coach_types`
--

INSERT INTO `coach_types` (`id`, `type`, `cost_per_mile`, `cost_per_day`, `cost_per_driver`, `status`, `created_at`, `updated_at`) VALUES
(31, '49 or 53 Seat Coach', 1.10, 50.00, 17.50, 1, '2020-07-02 12:44:53', '2020-11-18 14:12:38'),
(32, '33 Seat Coach', 0.75, 30.00, 17.50, 1, '2020-07-02 12:45:10', '2021-04-14 08:52:29'),
(33, 'Mini Bus', 0.50, 20.00, 18.00, 1, '2020-07-02 12:45:26', NULL),
(34, '55 Seat Coach', 1.10, 50.00, 18.00, 1, '2020-07-02 12:53:13', NULL),
(35, '35 Seat Coach', 0.75, 30.00, 18.00, 1, '2020-07-02 12:53:33', NULL),
(36, '32-Passenger', 25.33, 5.33, 12.55, 1, '2020-11-12 11:58:46', '2021-07-06 08:11:40'),
(37, '40 Seat Bus', 1.10, 50.00, 17.50, 1, '2021-03-11 12:39:52', NULL);

-- --------------------------------------------------------

--
-- Table structure for table `coach_types_inquiries`
--

CREATE TABLE `coach_types_inquiries` (
  `id` int(11) NOT NULL,
  `coach_type_id` int(11) NOT NULL,
  `inquiry_id` int(11) UNSIGNED NOT NULL,
  `no_of_coach` int(11) DEFAULT NULL,
  `cost_per_mile` float(10,2) UNSIGNED NOT NULL,
  `no_of_days` int(11) UNSIGNED NOT NULL,
  `cost_per_day` float(10,2) UNSIGNED NOT NULL,
  `driver_per_hour_cost` float(10,2) UNSIGNED NOT NULL,
  `total_charge` float(10,2) UNSIGNED NOT NULL COMMENT 'total_charge_for_this_coach',
  `created_at` timestamp NOT NULL DEFAULT current_timestamp(),
  `updated_at` timestamp NULL DEFAULT NULL
) ENGINE=InnoDB DEFAULT CHARSET=utf8mb4;

--
-- Dumping data for table `coach_types_inquiries`
--

INSERT INTO `coach_types_inquiries` (`id`, `coach_type_id`, `inquiry_id`, `no_of_coach`, `cost_per_mile`, `no_of_days`, `cost_per_day`, `driver_per_hour_cost`, `total_charge`, `created_at`, `updated_at`) VALUES
(12, 33, 61, 1, 0.50, 2, 20.00, 18.00, 381.00, '2020-07-03 16:45:54', NULL),
(13, 31, 62, 1, 1.10, 1, 50.00, 18.00, 69.10, '2020-07-04 07:57:38', NULL),
(14, 31, 63, 1, 1.10, 1, 50.00, 18.00, 541.00, '2020-07-08 11:14:09', NULL),
(15, 31, 64, 1, 1.10, 1, 50.00, 18.00, 541.00, '2020-07-08 11:22:34', NULL),
(16, 31, 65, 1, 1.10, 1, 50.00, 18.00, 486.00, '2020-07-08 11:25:26', NULL),
(17, 31, 66, 1, 1.10, 1, 50.00, 18.00, 398.00, '2020-07-08 11:31:33', NULL),
(18, 31, 67, 1, 1.10, 1, 50.00, 18.00, 376.00, '2020-07-08 11:34:21', NULL),
(19, 34, 68, 1, 1.10, 1, 50.00, 18.00, 373.00, '2020-07-08 11:53:23', NULL),
(20, 31, 69, 1, 1.10, 2, 50.00, 18.00, 820.00, '2020-07-09 11:46:37', NULL),
(21, 32, 70, 1, 0.75, 2, 30.00, 18.00, 1041.00, '2020-07-10 11:21:12', NULL),
(22, 35, 71, 2, 0.75, 1, 30.00, 18.00, 88.20, '2020-07-10 12:23:48', NULL),
(23, 31, 72, 1, 1.10, 1, 50.00, 18.00, 332.00, '2020-07-13 09:39:49', NULL),
(24, 32, 73, 1, 0.75, 1, 30.00, 18.00, 285.00, '2020-07-20 17:40:14', NULL),
(25, 32, 74, 1, 0.75, 1, 30.00, 18.00, 292.50, '2020-07-20 17:43:10', NULL),
(26, 31, 75, 1, 1.10, 1, 50.00, 18.00, 370.00, '2020-07-31 13:16:24', NULL),
(27, 32, 76, 1, 0.75, 1, 30.00, 18.00, 363.00, '2020-07-31 13:20:48', NULL),
(28, 31, 77, 1, 1.10, 1, 50.00, 18.00, 530.00, '2020-08-05 19:37:36', NULL),
(29, 31, 78, 1, 1.10, 2, 50.00, 18.00, 119.10, '2020-08-10 14:30:43', NULL),
(31, 32, 79, 1, 0.75, 1, 30.00, 18.00, 174.75, '2020-08-24 10:09:49', NULL),
(32, 32, 80, 1, 0.75, 1, 30.00, 18.00, 219.00, '2020-08-24 12:03:20', NULL),
(33, 31, 81, 1, 1.10, 1, 50.00, 18.00, 760.00, '2020-08-24 12:08:53', NULL),
(34, 32, 82, 1, 0.75, 1, 30.00, 18.00, 174.75, '2020-08-24 15:57:51', NULL),
(37, 32, 84, 1, 0.75, 1, 30.00, 17.50, 219.75, '2020-09-07 14:58:10', NULL),
(40, 31, 83, 1, 1.10, 1, 50.00, 18.00, 69.10, '2020-09-08 05:46:14', NULL),
(41, 31, 85, 1, 1.10, 1, 50.00, 18.00, 250.00, '2020-09-08 12:06:00', NULL),
(42, 31, 86, 1, 1.10, 1, 50.00, 18.00, 541.00, '2020-09-08 12:28:57', NULL),
(43, 33, 87, 1, 0.50, 1, 20.00, 18.00, 452.50, '2020-09-08 13:20:20', NULL),
(44, 31, 88, 1, 1.10, 1, 50.00, 18.00, 376.00, '2020-09-08 13:35:06', NULL),
(45, 31, 89, 1, 1.10, 2, 50.00, 18.00, 119.10, '2020-09-08 13:37:37', NULL),
(48, 31, 90, 2, 1.10, 2, 50.00, 18.00, 23.60, '2020-09-09 05:18:01', NULL),
(53, 31, 93, 1, 1.10, 1, 50.00, 18.00, 69.10, '2020-09-09 06:13:07', NULL),
(54, 31, 92, 2, 1.10, 2, 50.00, 18.00, 138.20, '2020-09-09 06:14:59', NULL),
(55, 31, 91, 2, 1.10, 2, 50.00, 18.00, 96.50, '2020-09-09 06:40:20', NULL),
(56, 31, 94, 1, 1.10, 1, 50.00, 18.00, 224.00, '2020-09-14 13:51:22', NULL),
(57, 31, 95, 1, 1.10, 1, 50.00, 18.00, 324.50, '2020-09-14 13:58:37', NULL),
(58, 31, 96, 1, 1.10, 1, 50.00, 18.00, 324.50, '2020-09-14 14:00:15', NULL),
(59, 31, 97, 1, 1.10, 2, 50.00, 18.00, 748.00, '2020-09-15 13:45:14', NULL),
(60, 32, 97, 1, 0.75, 2, 30.00, 17.50, 575.00, '2020-09-15 13:45:14', NULL),
(63, 31, 98, 1, 1.10, 1, 50.00, 18.00, 69.10, '2020-09-17 09:13:52', NULL),
(66, 31, 99, 1, 1.10, 1, 50.00, 18.00, 69.10, '2020-09-17 09:25:34', NULL),
(69, 31, 100, 1, 1.10, 1, 50.00, 18.00, 69.10, '2020-09-17 09:32:16', NULL),
(73, 35, 101, 1, 0.75, 1, 30.00, 18.00, 48.75, '2020-09-17 09:38:25', NULL),
(77, 32, 102, 1, 0.75, 1, 30.00, 17.50, 48.25, '2020-09-17 09:49:44', NULL),
(80, 31, 103, 1, 1.10, 1, 50.00, 18.00, 69.10, '2020-09-17 09:56:08', NULL),
(83, 31, 104, 1, 1.10, 1, 50.00, 18.00, 69.10, '2020-09-17 09:59:29', NULL),
(86, 35, 105, 1, 0.75, 1, 30.00, 18.00, 48.75, '2020-09-17 10:07:05', NULL),
(87, 32, 106, 1, 0.75, 1, 30.00, 17.50, 172.50, '2020-09-28 10:21:05', NULL),
(90, 31, 107, 1, 1.10, 1, 50.00, 18.00, 69.10, '2020-09-28 11:11:16', NULL),
(91, 32, 108, 1, 0.75, 1, 30.00, 17.50, 174.75, '2020-09-28 14:59:00', NULL),
(92, 31, 109, 1, 1.10, 1, 50.00, 18.00, 236.50, '2020-09-30 15:23:52', NULL),
(94, 32, 111, 1, 0.75, 1, 30.00, 17.50, 302.50, '2020-10-01 13:05:28', NULL),
(95, 32, 110, 1, 0.75, 1, 30.00, 17.50, 210.00, '2020-10-02 10:02:37', NULL),
(96, 33, 112, 1, 0.50, 1, 20.00, 18.00, 165.50, '2020-10-12 14:07:02', NULL),
(97, 32, 113, 1, 0.75, 1, 30.00, 17.50, 164.75, '2020-10-13 08:16:39', NULL),
(98, 32, 114, 1, 0.75, 1, 30.00, 17.50, 48.25, '2020-10-19 17:24:21', NULL),
(99, 31, 115, 1, 1.10, 1, 50.00, 18.00, 69.10, '2020-10-20 05:32:39', NULL),
(100, 31, 116, 2, 1.10, 2, 50.00, 18.00, 1049.00, '2020-10-21 07:22:58', NULL),
(101, 31, 117, 2, 1.10, 2, 50.00, 18.00, 138.20, '2020-10-26 12:46:56', NULL),
(102, 31, 118, 2, 1.10, 1, 50.00, 18.00, 790.00, '2020-11-02 12:44:02', NULL),
(103, 31, 119, 2, 1.10, 1, 50.00, 18.00, 521.60, '2020-11-02 13:38:29', NULL),
(104, 31, 120, 2, 1.10, 1, 50.00, 18.00, 840.00, '2020-11-06 12:02:08', NULL),
(105, 33, 121, 1, 0.50, 1, 20.00, 18.00, 291.00, '2020-11-10 15:42:22', NULL),
(106, 36, 122, 2, 25.33, 6, 5.33, 12.55, 55000.00, '2020-11-12 11:58:46', NULL),
(107, 36, 123, 3, 26.33, 7, 6.33, 13.55, 55001.00, '2020-11-12 11:58:46', NULL),
(108, 36, 135, 0, 0.00, 0, 0.00, 0.00, 0.00, '2020-12-01 15:57:40', NULL),
(109, 36, 136, 0, 0.00, 0, 0.00, 0.00, 0.00, '2020-12-01 15:57:40', NULL),
(110, 36, 137, 0, 0.00, 0, 0.00, 0.00, 0.00, '2020-12-01 15:57:50', NULL),
(111, 36, 138, 0, 0.00, 0, 0.00, 0.00, 0.00, '2020-12-01 15:57:50', NULL),
(112, 36, 139, 0, 0.00, 0, 0.00, 0.00, 0.00, '2020-12-03 07:27:52', NULL),
(113, 36, 140, 0, 0.00, 0, 0.00, 0.00, 0.00, '2020-12-03 07:27:52', NULL),
(114, 36, 141, 0, 0.00, 0, 0.00, 0.00, 0.00, '2020-12-03 07:32:39', NULL),
(115, 36, 142, 0, 0.00, 0, 0.00, 0.00, 0.00, '2020-12-03 07:32:39', NULL),
(127, 36, 151, 2, 25.33, 6, 5.33, 0.00, 55000.00, '2020-12-16 08:25:13', NULL),
(128, 36, 152, 3, 26.33, 7, 6.33, 0.00, 55001.00, '2020-12-16 08:25:13', NULL),
(129, 36, 153, 2, 20.00, 5, 50.00, 0.00, 500.00, '2020-12-16 08:25:13', NULL),
(130, 36, 154, 2, 20.00, 5, 50.00, 0.00, 500.00, '2020-12-16 08:25:13', NULL),
(131, 36, 155, 2, 20.00, 5, 50.00, 0.00, 500.00, '2020-12-16 08:25:13', NULL),
(132, 36, 156, 2, 20.00, 5, 50.00, 0.00, 500.00, '2020-12-16 08:25:13', NULL),
(133, 36, 157, 2, 20.00, 5, 50.00, 0.00, 500.00, '2020-12-16 08:25:13', NULL),
(149, 31, 177, 1, 1.10, 1, 50.00, 17.50, 464.00, '2021-01-21 10:19:56', NULL),
(160, 36, 188, 0, 0.00, 0, 0.00, 0.00, 0.00, '2021-02-02 15:32:14', NULL),
(161, 36, 189, 0, 0.00, 0, 0.00, 0.00, 0.00, '2021-02-02 15:32:14', NULL),
(162, 36, 190, 0, 0.00, 0, 0.00, 0.00, 0.00, '2021-02-06 08:41:50', NULL),
(163, 36, 191, 0, 0.00, 0, 0.00, 0.00, 0.00, '2021-02-06 08:41:50', NULL),
(164, 36, 192, 0, 0.00, 0, 0.00, 0.00, 0.00, '2021-02-06 08:48:05', NULL),
(165, 36, 193, 0, 0.00, 0, 0.00, 0.00, 0.00, '2021-02-06 08:48:05', NULL),
(166, 36, 194, 0, 0.00, 0, 0.00, 0.00, 0.00, '2021-02-06 08:50:43', NULL),
(167, 36, 195, 0, 0.00, 0, 0.00, 0.00, 0.00, '2021-02-06 08:50:43', NULL),
(199, 36, 405262, 0, 0.00, 0, 0.00, 0.00, 0.00, '2021-02-09 07:07:54', NULL),
(200, 36, 405263, 0, 0.00, 0, 0.00, 0.00, 0.00, '2021-02-09 07:07:54', NULL),
(201, 36, 405264, 0, 0.00, 0, 0.00, 0.00, 0.00, '2021-02-09 07:08:16', NULL),
(202, 36, 405265, 0, 0.00, 0, 0.00, 0.00, 0.00, '2021-02-09 07:08:16', NULL),
(203, 36, 405266, 0, 0.00, 0, 0.00, 0.00, 0.00, '2021-02-09 07:09:23', NULL),
(204, 36, 405267, 0, 0.00, 0, 0.00, 0.00, 0.00, '2021-02-09 07:09:23', NULL),
(207, 36, 405270, 0, 0.00, 0, 0.00, 0.00, 0.00, '2021-02-09 07:16:10', NULL),
(208, 36, 405271, 0, 0.00, 0, 0.00, 0.00, 0.00, '2021-02-09 07:16:10', NULL),
(209, 36, 405282, 0, 0.00, 0, 0.00, 0.00, 0.00, '2021-02-09 07:17:43', NULL),
(210, 36, 405290, 0, 0.00, 0, 0.00, 0.00, 0.00, '2021-02-09 07:17:43', NULL),
(211, 36, 405301, 0, 0.00, 0, 0.00, 0.00, 0.00, '2021-02-09 07:28:15', NULL),
(212, 36, 405309, 0, 0.00, 0, 0.00, 0.00, 0.00, '2021-02-09 07:28:15', NULL),
(213, 36, 405328, 0, 0.00, 0, 0.00, 0.00, 0.00, '2021-02-10 08:59:37', NULL),
(214, 36, 405347, 0, 0.00, 0, 0.00, 0.00, 0.00, '2021-02-10 08:59:37', NULL),
(215, 36, 405366, 0, 0.00, 0, 0.00, 0.00, 0.00, '2021-02-10 08:59:37', NULL),
(216, 36, 405385, 0, 0.00, 0, 0.00, 0.00, 0.00, '2021-02-10 08:59:37', NULL),
(217, 36, 405396, 0, 0.00, 0, 0.00, 0.00, 0.00, '2021-02-19 06:35:54', NULL),
(218, 36, 405404, 0, 0.00, 0, 0.00, 0.00, 0.00, '2021-02-19 06:35:54', NULL),
(242, 36, 405428, 0, 0.00, 0, 0.00, 0.00, 0.00, '2021-02-19 16:20:51', NULL),
(243, 36, 405429, 0, 0.00, 0, 0.00, 0.00, 0.00, '2021-02-19 16:20:51', NULL),
(244, 36, 405430, 0, 0.00, 0, 0.00, 0.00, 0.00, '2021-02-19 16:20:51', NULL),
(245, 36, 405431, 0, 0.00, 0, 0.00, 0.00, 0.00, '2021-02-19 16:20:51', NULL),
(246, 36, 405432, 0, 0.00, 0, 0.00, 0.00, 0.00, '2021-02-19 16:20:51', NULL),
(247, 36, 405433, 0, 0.00, 0, 0.00, 0.00, 0.00, '2021-02-19 16:20:51', NULL),
(248, 36, 405434, 0, 0.00, 0, 0.00, 0.00, 0.00, '2021-02-19 16:20:51', NULL),
(249, 36, 405435, 0, 0.00, 0, 0.00, 0.00, 0.00, '2021-02-19 16:20:51', NULL),
(250, 36, 405436, 0, 0.00, 0, 0.00, 0.00, 0.00, '2021-02-19 16:20:51', NULL),
(251, 36, 405437, 0, 0.00, 0, 0.00, 0.00, 0.00, '2021-02-19 16:20:51', NULL),
(252, 36, 405438, 0, 0.00, 0, 0.00, 0.00, 0.00, '2021-02-19 16:20:51', NULL),
(253, 36, 405439, 0, 0.00, 0, 0.00, 0.00, 0.00, '2021-02-19 16:20:51', NULL),
(254, 36, 405440, 0, 0.00, 0, 0.00, 0.00, 0.00, '2021-02-19 16:20:51', NULL),
(255, 36, 405441, 0, 0.00, 0, 0.00, 0.00, 0.00, '2021-02-19 16:20:51', NULL),
(256, 36, 405442, 0, 0.00, 0, 0.00, 0.00, 0.00, '2021-02-19 16:20:51', NULL),
(257, 36, 405443, 0, 0.00, 0, 0.00, 0.00, 0.00, '2021-02-19 16:20:51', NULL),
(258, 36, 405444, 0, 0.00, 0, 0.00, 0.00, 0.00, '2021-02-19 16:20:51', NULL),
(259, 36, 405445, 0, 0.00, 0, 0.00, 0.00, 0.00, '2021-02-19 16:20:51', NULL),
(260, 36, 405446, 0, 0.00, 0, 0.00, 0.00, 0.00, '2021-02-19 16:20:51', NULL),
(261, 36, 405447, 0, 0.00, 0, 0.00, 0.00, 0.00, '2021-02-19 16:20:51', NULL),
(262, 31, 405448, 1, 1.10, 1, 50.00, 17.50, 192.50, '2021-03-09 15:42:04', NULL),
(263, 31, 405449, 1, 1.10, 1, 50.00, 17.50, 295.00, '2021-03-12 11:12:17', NULL),
(270, 35, 405456, 1, 0.75, 1, 30.00, 18.00, 249.00, '2021-03-12 12:27:44', NULL),
(271, 31, 405457, 1, 1.10, 1, 50.00, 17.50, 454.50, '2021-03-12 13:13:33', NULL),
(272, 31, 405458, 1, 1.10, 1, 50.00, 17.50, 454.50, '2021-03-12 13:17:21', NULL),
(273, 31, 405459, 1, 1.10, 1, 50.00, 17.50, 449.00, '2021-03-12 13:18:52', NULL),
(274, 31, 405460, 1, 1.10, 1, 50.00, 17.50, 798.00, '2021-03-12 13:22:59', NULL),
(313, 32, 405498, 1, 0.75, 1, 30.00, 17.50, 410.00, '2021-03-17 10:06:54', NULL),
(314, 33, 405499, 1, 0.50, 1, 20.00, 18.00, 231.50, '2021-03-25 15:38:08', NULL),
(315, 32, 405500, 1, 0.75, 1, 30.00, 17.50, 275.00, '2021-03-25 15:40:50', NULL),
(316, 32, 405501, 1, 0.75, 1, 30.00, 17.50, 226.25, '2021-03-25 15:43:18', NULL),
(317, 33, 405502, 1, 0.50, 1, 20.00, 18.00, 183.00, '2021-03-25 15:45:47', NULL),
(318, 31, 405503, 1, 1.10, 1, 50.00, 17.50, 260.00, '2021-03-25 15:50:03', NULL),
(319, 31, 405504, 1, 1.10, 2, 50.00, 17.50, 1028.00, '2021-03-29 12:25:13', NULL),
(320, 31, 405505, 1, 1.10, 1, 50.00, 17.50, 344.50, '2021-03-29 13:46:37', NULL),
(321, 33, 405506, 1, 0.50, 1, 20.00, 18.00, 178.00, '2021-04-09 16:30:54', NULL),
(170255, 31, 575444, 0, 0.00, 0, 0.00, 0.00, 0.00, '2021-04-15 05:48:48', NULL),
(170256, 31, 575445, 0, 0.00, 0, 0.00, 0.00, 0.00, '2021-04-15 05:48:48', NULL),
(170257, 31, 575446, 0, 0.00, 0, 0.00, 0.00, 0.00, '2021-04-15 05:48:48', NULL),
(170258, 31, 575447, 0, 0.00, 0, 0.00, 0.00, 0.00, '2021-04-15 05:48:48', NULL),
(170259, 31, 575448, 0, 0.00, 0, 0.00, 0.00, 0.00, '2021-04-15 05:48:48', NULL),
(170260, 31, 575449, 0, 0.00, 0, 0.00, 0.00, 0.00, '2021-04-15 05:48:48', NULL),
(170261, 31, 575450, 0, 0.00, 0, 0.00, 0.00, 0.00, '2021-04-15 05:48:48', NULL),
(170262, 31, 575451, 0, 0.00, 0, 0.00, 0.00, 0.00, '2021-04-15 05:48:48', NULL),
(170263, 31, 575452, 0, 0.00, 0, 0.00, 0.00, 0.00, '2021-04-15 05:48:48', NULL),
(170264, 31, 575453, 0, 0.00, 0, 0.00, 0.00, 0.00, '2021-04-15 05:48:48', NULL),
(170265, 31, 575454, 0, 0.00, 0, 0.00, 0.00, 0.00, '2021-04-15 05:48:48', NULL),
(170266, 31, 575455, 0, 0.00, 0, 0.00, 0.00, 0.00, '2021-04-15 05:48:48', NULL),
(170267, 31, 575456, 0, 0.00, 0, 0.00, 0.00, 0.00, '2021-04-15 05:48:48', NULL),
(170268, 31, 575457, 0, 0.00, 0, 0.00, 0.00, 0.00, '2021-04-15 05:48:48', NULL),
(170269, 31, 575458, 0, 0.00, 0, 0.00, 0.00, 0.00, '2021-04-15 05:48:48', NULL),
(170270, 31, 575459, 0, 0.00, 0, 0.00, 0.00, 0.00, '2021-04-15 05:48:48', NULL),
(170271, 31, 575460, 0, 0.00, 0, 0.00, 0.00, 0.00, '2021-04-15 05:48:48', NULL),
(170272, 31, 575461, 0, 0.00, 0, 0.00, 0.00, 0.00, '2021-04-15 05:48:48', NULL),
(170273, 31, 575462, 0, 0.00, 0, 0.00, 0.00, 0.00, '2021-04-15 05:48:48', NULL),
(170274, 31, 575463, 0, 0.00, 0, 0.00, 0.00, 0.00, '2021-04-15 05:48:48', NULL),
(170275, 31, 575464, 0, 0.00, 0, 0.00, 0.00, 0.00, '2021-04-15 05:48:48', NULL),
(170276, 31, 575465, 0, 0.00, 0, 0.00, 0.00, 0.00, '2021-04-15 05:48:48', NULL),
(170277, 31, 575466, 0, 0.00, 0, 0.00, 0.00, 0.00, '2021-04-15 05:48:48', NULL),
(170278, 31, 575467, 0, 0.00, 0, 0.00, 0.00, 0.00, '2021-04-15 05:48:48', NULL),
(170279, 31, 575468, 0, 0.00, 0, 0.00, 0.00, 0.00, '2021-04-15 05:48:48', NULL),
(170280, 31, 575469, 0, 0.00, 0, 0.00, 0.00, 0.00, '2021-04-15 05:48:48', NULL),
(170281, 31, 575470, 0, 0.00, 0, 0.00, 0.00, 0.00, '2021-04-15 05:48:48', NULL),
(170282, 31, 575471, 0, 0.00, 0, 0.00, 0.00, 0.00, '2021-04-15 05:48:48', NULL),
(170283, 31, 575472, 0, 0.00, 0, 0.00, 0.00, 0.00, '2021-04-15 05:48:48', NULL),
(170284, 31, 575473, 0, 0.00, 0, 0.00, 0.00, 0.00, '2021-04-15 05:48:48', NULL),
(170285, 31, 575474, 0, 0.00, 0, 0.00, 0.00, 0.00, '2021-04-15 05:48:48', NULL),
(170286, 31, 575475, 0, 0.00, 0, 0.00, 0.00, 0.00, '2021-04-15 05:48:48', NULL),
(170287, 31, 575476, 0, 0.00, 0, 0.00, 0.00, 0.00, '2021-04-15 05:48:48', NULL),
(170288, 31, 575477, 0, 0.00, 0, 0.00, 0.00, 0.00, '2021-04-15 05:48:48', NULL),
(170289, 31, 575478, 0, 0.00, 0, 0.00, 0.00, 0.00, '2021-04-15 05:48:48', NULL),
(170290, 31, 575479, 0, 0.00, 0, 0.00, 0.00, 0.00, '2021-04-15 05:48:48', NULL),
(170291, 31, 575480, 0, 0.00, 0, 0.00, 0.00, 0.00, '2021-04-15 05:48:48', NULL),
(170292, 31, 575481, 0, 0.00, 0, 0.00, 0.00, 0.00, '2021-04-15 05:48:48', NULL),
(170293, 31, 575482, 0, 0.00, 0, 0.00, 0.00, 0.00, '2021-04-15 05:48:48', NULL),
(170294, 31, 575483, 0, 0.00, 0, 0.00, 0.00, 0.00, '2021-04-15 05:48:48', NULL),
(170295, 31, 575484, 0, 0.00, 0, 0.00, 0.00, 0.00, '2021-04-15 05:48:48', NULL),
(170296, 31, 575485, 0, 0.00, 0, 0.00, 0.00, 0.00, '2021-04-15 05:48:48', NULL),
(170297, 31, 575486, 0, 0.00, 0, 0.00, 0.00, 0.00, '2021-04-15 05:48:48', NULL),
(170298, 31, 575487, 0, 0.00, 0, 0.00, 0.00, 0.00, '2021-04-15 05:48:48', NULL),
(170299, 31, 575488, 0, 0.00, 0, 0.00, 0.00, 0.00, '2021-04-15 05:48:48', NULL),
(170300, 31, 575489, 0, 0.00, 0, 0.00, 0.00, 0.00, '2021-04-15 05:48:48', NULL),
(170301, 31, 575490, 0, 0.00, 0, 0.00, 0.00, 0.00, '2021-04-15 05:48:48', NULL),
(170302, 31, 575491, 0, 0.00, 0, 0.00, 0.00, 0.00, '2021-04-15 05:48:48', NULL),
(170303, 31, 575492, 0, 0.00, 0, 0.00, 0.00, 0.00, '2021-04-15 05:48:48', NULL),
(170304, 31, 575493, 0, 0.00, 0, 0.00, 0.00, 0.00, '2021-04-15 05:48:48', NULL),
(170305, 31, 575494, 0, 0.00, 0, 0.00, 0.00, 0.00, '2021-04-15 05:48:48', NULL),
(170306, 31, 575495, 0, 0.00, 0, 0.00, 0.00, 0.00, '2021-04-15 05:48:48', NULL),
(170307, 31, 575496, 0, 0.00, 0, 0.00, 0.00, 0.00, '2021-04-15 05:48:48', NULL),
(170308, 31, 575497, 0, 0.00, 0, 0.00, 0.00, 0.00, '2021-04-15 05:48:48', NULL),
(170309, 31, 575498, 0, 0.00, 0, 0.00, 0.00, 0.00, '2021-04-15 05:48:48', NULL),
(170310, 31, 575499, 0, 0.00, 0, 0.00, 0.00, 0.00, '2021-04-15 05:48:48', NULL),
(170311, 31, 575500, 0, 0.00, 0, 0.00, 0.00, 0.00, '2021-04-15 05:48:48', NULL),
(170312, 31, 575501, 0, 0.00, 0, 0.00, 0.00, 0.00, '2021-04-15 05:48:48', NULL),
(170313, 31, 575502, 0, 0.00, 0, 0.00, 0.00, 0.00, '2021-04-15 05:48:48', NULL),
(170314, 31, 575503, 0, 0.00, 0, 0.00, 0.00, 0.00, '2021-04-15 05:48:48', NULL),
(170315, 31, 575504, 0, 0.00, 0, 0.00, 0.00, 0.00, '2021-04-15 05:48:48', NULL),
(170316, 31, 575505, 0, 0.00, 0, 0.00, 0.00, 0.00, '2021-04-15 05:48:48', NULL),
(170317, 31, 575506, 0, 0.00, 0, 0.00, 0.00, 0.00, '2021-04-15 05:48:48', NULL),
(170318, 31, 575507, 0, 0.00, 0, 0.00, 0.00, 0.00, '2021-04-15 05:48:48', NULL),
(170319, 31, 575508, 0, 0.00, 0, 0.00, 0.00, 0.00, '2021-04-15 05:48:48', NULL),
(170320, 31, 575509, 0, 0.00, 0, 0.00, 0.00, 0.00, '2021-04-15 05:48:48', NULL),
(170321, 31, 575510, 0, 0.00, 0, 0.00, 0.00, 0.00, '2021-04-15 05:48:48', NULL),
(170322, 31, 575511, 0, 0.00, 0, 0.00, 0.00, 0.00, '2021-04-15 05:48:48', NULL),
(170323, 31, 575512, 0, 0.00, 0, 0.00, 0.00, 0.00, '2021-04-15 05:48:48', NULL),
(170324, 31, 575513, 0, 0.00, 0, 0.00, 0.00, 0.00, '2021-04-15 05:48:48', NULL),
(170325, 31, 575514, 0, 0.00, 0, 0.00, 0.00, 0.00, '2021-04-15 05:48:48', NULL),
(170326, 31, 575515, 0, 0.00, 0, 0.00, 0.00, 0.00, '2021-04-15 05:48:48', NULL),
(170327, 31, 575516, 0, 0.00, 0, 0.00, 0.00, 0.00, '2021-04-15 05:48:48', NULL),
(170328, 31, 575517, 0, 0.00, 0, 0.00, 0.00, 0.00, '2021-04-15 05:48:48', NULL),
(170329, 31, 575518, 0, 0.00, 0, 0.00, 0.00, 0.00, '2021-04-15 05:48:48', NULL),
(170330, 31, 575519, 0, 0.00, 0, 0.00, 0.00, 0.00, '2021-04-15 05:48:48', NULL),
(170331, 32, 575520, 0, 0.00, 0, 0.00, 0.00, 0.00, '2021-04-15 05:48:48', NULL),
(170332, 32, 575521, 0, 0.00, 0, 0.00, 0.00, 0.00, '2021-04-15 05:48:48', NULL),
(170333, 32, 575522, 0, 0.00, 0, 0.00, 0.00, 0.00, '2021-04-15 05:48:48', NULL),
(170334, 32, 575523, 0, 0.00, 0, 0.00, 0.00, 0.00, '2021-04-15 05:48:48', NULL),
(170335, 32, 575524, 0, 0.00, 0, 0.00, 0.00, 0.00, '2021-04-15 05:48:48', NULL),
(170336, 32, 575525, 0, 0.00, 0, 0.00, 0.00, 0.00, '2021-04-15 05:48:48', NULL),
(170337, 32, 575526, 0, 0.00, 0, 0.00, 0.00, 0.00, '2021-04-15 05:48:48', NULL),
(170338, 32, 575527, 0, 0.00, 0, 0.00, 0.00, 0.00, '2021-04-15 05:48:48', NULL),
(170339, 32, 575528, 0, 0.00, 0, 0.00, 0.00, 0.00, '2021-04-15 05:48:48', NULL),
(170340, 32, 575529, 0, 0.00, 0, 0.00, 0.00, 0.00, '2021-04-15 05:48:48', NULL),
(170341, 32, 575530, 0, 0.00, 0, 0.00, 0.00, 0.00, '2021-04-15 05:48:48', NULL),
(170342, 32, 575531, 0, 0.00, 0, 0.00, 0.00, 0.00, '2021-04-15 05:48:48', NULL),
(170343, 32, 575532, 0, 0.00, 0, 0.00, 0.00, 0.00, '2021-04-15 05:48:48', NULL),
(170344, 32, 575533, 0, 0.00, 0, 0.00, 0.00, 0.00, '2021-04-15 05:48:48', NULL),
(170345, 32, 575534, 0, 0.00, 0, 0.00, 0.00, 0.00, '2021-04-15 05:48:48', NULL),
(170346, 32, 575535, 0, 0.00, 0, 0.00, 0.00, 0.00, '2021-04-15 05:48:48', NULL),
(170347, 32, 575536, 0, 0.00, 0, 0.00, 0.00, 0.00, '2021-04-15 05:48:48', NULL),
(170348, 32, 575537, 0, 0.00, 0, 0.00, 0.00, 0.00, '2021-04-15 05:48:48', NULL),
(170349, 32, 575538, 0, 0.00, 0, 0.00, 0.00, 0.00, '2021-04-15 05:48:48', NULL),
(170350, 32, 575539, 0, 0.00, 0, 0.00, 0.00, 0.00, '2021-04-15 05:48:48', NULL),
(170351, 32, 575540, 0, 0.00, 0, 0.00, 0.00, 0.00, '2021-04-15 05:48:48', NULL),
(170352, 32, 575541, 0, 0.00, 0, 0.00, 0.00, 0.00, '2021-04-15 05:48:48', NULL),
(170353, 32, 575542, 0, 0.00, 0, 0.00, 0.00, 0.00, '2021-04-15 05:48:48', NULL),
(170354, 32, 575543, 0, 0.00, 0, 0.00, 0.00, 0.00, '2021-04-15 05:48:48', NULL),
(170355, 32, 575544, 0, 0.00, 0, 0.00, 0.00, 0.00, '2021-04-15 05:48:48', NULL),
(170356, 32, 575545, 0, 0.00, 0, 0.00, 0.00, 0.00, '2021-04-15 05:48:48', NULL),
(170357, 32, 575546, 0, 0.00, 0, 0.00, 0.00, 0.00, '2021-04-15 05:48:48', NULL),
(170358, 32, 575547, 0, 0.00, 0, 0.00, 0.00, 0.00, '2021-04-15 05:48:48', NULL),
(170359, 32, 575548, 0, 0.00, 0, 0.00, 0.00, 0.00, '2021-04-15 05:48:48', NULL),
(170360, 32, 575549, 0, 0.00, 0, 0.00, 0.00, 0.00, '2021-04-15 05:48:48', NULL),
(170361, 32, 575550, 0, 0.00, 0, 0.00, 0.00, 0.00, '2021-04-15 05:48:48', NULL),
(170362, 32, 575551, 0, 0.00, 0, 0.00, 0.00, 0.00, '2021-04-15 05:48:48', NULL),
(170363, 32, 575552, 0, 0.00, 0, 0.00, 0.00, 0.00, '2021-04-15 05:48:48', NULL),
(170364, 32, 575553, 0, 0.00, 0, 0.00, 0.00, 0.00, '2021-04-15 05:48:48', NULL),
(170365, 32, 575554, 0, 0.00, 0, 0.00, 0.00, 0.00, '2021-04-15 05:48:48', NULL),
(170366, 32, 575555, 0, 0.00, 0, 0.00, 0.00, 0.00, '2021-04-15 05:48:48', NULL),
(170367, 32, 575556, 0, 0.00, 0, 0.00, 0.00, 0.00, '2021-04-15 05:48:48', NULL),
(170368, 32, 575557, 0, 0.00, 0, 0.00, 0.00, 0.00, '2021-04-15 05:48:48', NULL),
(170369, 32, 575558, 0, 0.00, 0, 0.00, 0.00, 0.00, '2021-04-15 05:48:48', NULL),
(170370, 32, 575559, 0, 0.00, 0, 0.00, 0.00, 0.00, '2021-04-15 05:48:48', NULL),
(170371, 32, 575560, 0, 0.00, 0, 0.00, 0.00, 0.00, '2021-04-15 05:48:48', NULL),
(170372, 32, 575561, 0, 0.00, 0, 0.00, 0.00, 0.00, '2021-04-15 05:48:48', NULL),
(170373, 32, 575562, 0, 0.00, 0, 0.00, 0.00, 0.00, '2021-04-15 05:48:48', NULL),
(170374, 32, 575563, 0, 0.00, 0, 0.00, 0.00, 0.00, '2021-04-15 05:48:48', NULL),
(170375, 32, 575564, 0, 0.00, 0, 0.00, 0.00, 0.00, '2021-04-15 05:48:48', NULL),
(170376, 32, 575565, 0, 0.00, 0, 0.00, 0.00, 0.00, '2021-04-15 05:48:48', NULL),
(170377, 32, 575566, 0, 0.00, 0, 0.00, 0.00, 0.00, '2021-04-15 05:48:48', NULL),
(170378, 32, 575567, 0, 0.00, 0, 0.00, 0.00, 0.00, '2021-04-15 05:48:48', NULL),
(170379, 32, 575568, 0, 0.00, 0, 0.00, 0.00, 0.00, '2021-04-15 05:48:48', NULL),
(170380, 32, 575569, 0, 0.00, 0, 0.00, 0.00, 0.00, '2021-04-15 05:48:48', NULL),
(170381, 32, 575570, 0, 0.00, 0, 0.00, 0.00, 0.00, '2021-04-15 05:48:48', NULL),
(170382, 32, 575571, 0, 0.00, 0, 0.00, 0.00, 0.00, '2021-04-15 05:48:48', NULL),
(170383, 32, 575572, 0, 0.00, 0, 0.00, 0.00, 0.00, '2021-04-15 05:48:48', NULL),
(170384, 32, 575573, 0, 0.00, 0, 0.00, 0.00, 0.00, '2021-04-15 05:48:48', NULL),
(170385, 32, 575574, 0, 0.00, 0, 0.00, 0.00, 0.00, '2021-04-15 05:48:48', NULL),
(170386, 32, 575575, 0, 0.00, 0, 0.00, 0.00, 0.00, '2021-04-15 05:48:48', NULL),
(170387, 32, 575576, 0, 0.00, 0, 0.00, 0.00, 0.00, '2021-04-15 05:48:48', NULL),
(170388, 32, 575577, 0, 0.00, 0, 0.00, 0.00, 0.00, '2021-04-15 05:48:48', NULL),
(170389, 32, 575578, 0, 0.00, 0, 0.00, 0.00, 0.00, '2021-04-15 05:48:48', NULL),
(170390, 32, 575579, 0, 0.00, 0, 0.00, 0.00, 0.00, '2021-04-15 05:48:48', NULL),
(170391, 32, 575580, 0, 0.00, 0, 0.00, 0.00, 0.00, '2021-04-15 05:48:48', NULL),
(170392, 32, 575581, 0, 0.00, 0, 0.00, 0.00, 0.00, '2021-04-15 05:48:48', NULL),
(170393, 32, 575582, 0, 0.00, 0, 0.00, 0.00, 0.00, '2021-04-15 05:48:48', NULL),
(170394, 32, 575583, 0, 0.00, 0, 0.00, 0.00, 0.00, '2021-04-15 05:48:48', NULL),
(170395, 32, 575584, 0, 0.00, 0, 0.00, 0.00, 0.00, '2021-04-15 05:48:48', NULL),
(170396, 32, 575585, 0, 0.00, 0, 0.00, 0.00, 0.00, '2021-04-15 05:48:48', NULL),
(170397, 32, 575586, 0, 0.00, 0, 0.00, 0.00, 0.00, '2021-04-15 05:48:48', NULL),
(170398, 32, 575587, 0, 0.00, 0, 0.00, 0.00, 0.00, '2021-04-15 05:48:48', NULL),
(170399, 32, 575588, 0, 0.00, 0, 0.00, 0.00, 0.00, '2021-04-15 05:48:48', NULL),
(170400, 32, 575589, 0, 0.00, 0, 0.00, 0.00, 0.00, '2021-04-15 05:48:48', NULL),
(170401, 32, 575590, 0, 0.00, 0, 0.00, 0.00, 0.00, '2021-04-15 05:48:48', NULL),
(170402, 32, 575591, 0, 0.00, 0, 0.00, 0.00, 0.00, '2021-04-15 05:48:48', NULL),
(170403, 32, 575592, 0, 0.00, 0, 0.00, 0.00, 0.00, '2021-04-15 05:48:48', NULL),
(170404, 32, 575593, 0, 0.00, 0, 0.00, 0.00, 0.00, '2021-04-15 05:48:48', NULL),
(170405, 32, 575594, 0, 0.00, 0, 0.00, 0.00, 0.00, '2021-04-15 05:48:48', NULL),
(170406, 32, 575595, 0, 0.00, 0, 0.00, 0.00, 0.00, '2021-04-15 05:48:48', NULL),
(242614, 31, 647805, 1, 1.10, 2, 50.00, 17.50, 1055.00, '2021-04-20 15:46:32', NULL),
(242615, 31, 647806, 1, 1.10, 1, 50.00, 17.50, 635.50, '2021-05-19 13:49:44', NULL),
(242616, 36, 647807, 0, 0.00, 0, 0.00, 0.00, 0.00, '2021-05-20 09:17:16', NULL),
(242617, 36, 647808, 0, 0.00, 0, 0.00, 0.00, 0.00, '2021-05-20 09:17:16', NULL),
(242618, 36, 647809, 0, 0.00, 0, 0.00, 0.00, 0.00, '2021-05-20 09:18:48', NULL),
(242619, 36, 647810, 0, 0.00, 0, 0.00, 0.00, 0.00, '2021-05-20 09:18:48', NULL),
(242620, 36, 647811, 0, 0.00, 0, 0.00, 0.00, 0.00, '2021-05-20 09:18:48', NULL),
(242621, 36, 647812, 0, 0.00, 0, 0.00, 0.00, 0.00, '2021-05-20 09:18:48', NULL),
(242622, 36, 647813, 0, 0.00, 0, 0.00, 0.00, 0.00, '2021-05-20 09:18:48', NULL),
(242623, 36, 647814, 0, 0.00, 0, 0.00, 0.00, 0.00, '2021-05-20 09:18:48', NULL),
(242624, 36, 647815, 0, 0.00, 0, 0.00, 0.00, 0.00, '2021-05-20 09:18:48', NULL),
(242625, 36, 647816, 0, 0.00, 0, 0.00, 0.00, 0.00, '2021-05-20 09:18:48', NULL),
(242626, 36, 647817, 0, 0.00, 0, 0.00, 0.00, 0.00, '2021-05-20 09:18:48', NULL),
(242627, 36, 647818, 0, 0.00, 0, 0.00, 0.00, 0.00, '2021-05-20 09:18:48', NULL),
(242628, 31, 647819, 1, 1.10, 1, 50.00, 17.50, 605.00, '2021-05-20 09:30:21', NULL),
(242629, 31, 647820, 1, 1.10, 1, 50.00, 17.50, 307.00, '2021-05-20 14:40:29', NULL),
(242630, 36, 647821, 0, 0.00, 0, 0.00, 0.00, 0.00, '2021-05-25 06:12:20', NULL),
(242631, 36, 647822, 0, 0.00, 0, 0.00, 0.00, 0.00, '2021-05-25 06:12:20', NULL),
(242632, 36, 647823, 0, 0.00, 0, 0.00, 0.00, 0.00, '2021-05-25 06:12:20', NULL),
(242633, 36, 647824, 0, 0.00, 0, 0.00, 0.00, 0.00, '2021-05-25 06:12:20', NULL),
(242634, 36, 647825, 0, 0.00, 0, 0.00, 0.00, 0.00, '2021-05-25 06:12:20', NULL),
(242635, 36, 647826, 0, 0.00, 0, 0.00, 0.00, 0.00, '2021-05-25 06:12:20', NULL),
(242636, 36, 647827, 0, 0.00, 0, 0.00, 0.00, 0.00, '2021-05-25 06:12:20', NULL),
(242637, 36, 647828, 0, 0.00, 0, 0.00, 0.00, 0.00, '2021-05-25 06:12:20', NULL),
(242638, 36, 647829, 0, 0.00, 0, 0.00, 0.00, 0.00, '2021-05-25 06:12:20', NULL),
(242639, 36, 647830, 0, 0.00, 0, 0.00, 0.00, 0.00, '2021-05-25 06:12:20', NULL),
(242640, 36, 647831, 0, 0.00, 0, 0.00, 0.00, 0.00, '2021-05-25 06:12:20', NULL),
(242641, 36, 647832, 0, 0.00, 0, 0.00, 0.00, 0.00, '2021-05-25 06:12:20', NULL),
(242642, 36, 647833, 0, 0.00, 0, 0.00, 0.00, 0.00, '2021-05-25 06:12:20', NULL),
(242643, 36, 647834, 0, 0.00, 0, 0.00, 0.00, 0.00, '2021-05-25 06:12:20', NULL),
(242644, 36, 647835, 0, 0.00, 0, 0.00, 0.00, 0.00, '2021-05-25 06:12:20', NULL),
(242645, 36, 647836, 0, 0.00, 0, 0.00, 0.00, 0.00, '2021-05-25 06:12:20', NULL),
(242646, 36, 647837, 0, 0.00, 0, 0.00, 0.00, 0.00, '2021-05-25 06:12:20', NULL),
(242647, 36, 647838, 0, 0.00, 0, 0.00, 0.00, 0.00, '2021-05-25 06:12:20', NULL),
(242648, 36, 647839, 0, 0.00, 0, 0.00, 0.00, 0.00, '2021-05-25 06:12:20', NULL),
(242650, 31, 647841, 1, 1.10, 1, 50.00, 17.50, 307.50, '2021-05-25 12:45:10', NULL),
(242651, 31, 647840, 1, 1.10, 1, 50.00, 17.50, 440.00, '2021-06-02 12:34:09', NULL),
(242652, 31, 647842, 1, 1.10, 1, 50.00, 17.50, 231.50, '2021-06-02 12:36:00', NULL),
(242653, 31, 647843, 1, 1.10, 1, 50.00, 17.50, 306.00, '2021-06-02 12:41:43', NULL),
(242654, 31, 647844, 1, 1.10, 1, 50.00, 17.50, 118.60, '2021-06-03 08:55:55', NULL),
(242655, 31, 647845, 1, 1.10, 1, 50.00, 17.50, 164.00, '2021-06-03 11:26:44', NULL),
(242656, 31, 647846, 1, 1.10, 1, 50.00, 17.50, 192.50, '2021-06-03 11:28:13', NULL),
(242657, 31, 647847, 1, 1.10, 1, 50.00, 17.50, 193.50, '2021-06-03 11:30:50', NULL),
(242658, 31, 647848, 1, 1.10, 1, 50.00, 17.50, 142.50, '2021-06-21 11:41:00', NULL),
(242663, 31, 647851, 1, 1.10, 1, 50.00, 17.50, 313.00, '2021-07-05 09:47:59', NULL),
(242664, 31, 647850, 1, 1.10, 1, 50.00, 17.50, 238.50, '2021-07-05 09:48:20', NULL),
(242665, 31, 647849, 1, 1.10, 1, 50.00, 17.50, 192.50, '2021-07-05 09:49:17', NULL),
(242670, 33, 647856, 1, 0.50, 1, 20.00, 18.00, 38.50, '2021-07-07 06:46:10', NULL),
(242671, 33, 647857, 1, 0.50, 1, 20.00, 18.00, 38.50, '2021-07-07 06:47:32', NULL),
(242673, 32, 647855, 1, 0.75, 1, 30.00, 17.50, 107.50, '2021-07-12 13:54:35', NULL),
(242674, 32, 647854, 1, 0.75, 1, 30.00, 17.50, 177.50, '2021-07-12 13:54:53', NULL),
(242675, 32, 647852, 1, 0.75, 1, 30.00, 17.50, 132.50, '2021-07-12 13:55:45', NULL),
(242676, 31, 647853, 1, 1.10, 1, 50.00, 17.50, 192.50, '2021-07-12 14:02:01', NULL),
(242679, 31, 647859, 1, 1.10, 1, 50.00, 17.50, 68.60, '2021-07-15 07:24:21', NULL),
(242680, 31, 647858, 1, 1.10, 1, 50.00, 17.50, 68.60, '2021-07-15 07:24:46', NULL),
(242681, 31, 647860, 1, 1.10, 1, 50.00, 17.50, 192.50, '2021-08-31 11:13:47', NULL),
(242682, 31, 647861, 1, 1.10, 1, 50.00, 17.50, 192.50, '2021-08-31 11:15:22', NULL),
(242683, 31, 647862, 1, 1.10, 1, 50.00, 17.50, 265.00, '2021-08-31 11:16:39', NULL),
(242684, 31, 647863, 1, 1.10, 1, 50.00, 17.50, 121.10, '2021-09-01 10:09:51', NULL),
(242685, 33, 647864, 1, 0.50, 1, 20.00, 18.00, 128.50, '2021-09-02 07:26:28', NULL),
(242686, 33, 647865, 1, 0.50, 1, 20.00, 18.00, 128.50, '2021-09-02 09:01:04', NULL),
(242687, 33, 647866, 1, 0.50, 1, 20.00, 18.00, 200.50, '2021-09-02 09:02:42', NULL),
(242688, 32, 647867, 1, 0.75, 1, 30.00, 17.50, 147.50, '2021-09-09 15:27:32', NULL),
(242689, 32, 647868, 1, 0.75, 1, 30.00, 17.50, 165.00, '2021-09-09 15:29:05', NULL);

-- --------------------------------------------------------

--
-- Table structure for table `customers`
--

CREATE TABLE `customers` (
  `id` int(11) NOT NULL,
  `name` varchar(255) DEFAULT NULL,
  `contact_name` varchar(255) DEFAULT NULL,
  `email` varchar(200) NOT NULL,
  `phone` varchar(14) DEFAULT NULL,
  `address` text DEFAULT NULL,
  `status` tinyint(1) NOT NULL DEFAULT 0 COMMENT 'active->1, inactive->0',
  `created_at` timestamp NOT NULL DEFAULT current_timestamp(),
  `updated_at` timestamp NULL DEFAULT NULL,
  `deleted_at` timestamp NULL DEFAULT NULL
) ENGINE=InnoDB DEFAULT CHARSET=utf8mb4;

--
-- Dumping data for table `customers`
--

INSERT INTO `customers` (`id`, `name`, `contact_name`, `email`, `phone`, `address`, `status`, `created_at`, `updated_at`, `deleted_at`) VALUES
(133, 'Frampton Cotterell Primary', 'Nicola Addicott', '01454 867205', '01454 867205', 'Rectory Road\r\nFrampton Cotterell\r\nBristol \r\nBS36 2ER', 1, '2021-03-09 15:42:03', '2021-03-16 06:51:03', NULL),
(134, 'Chew Valley Test', NULL, 'Chew_Valley_Test@gmail.com', NULL, NULL, 1, '2021-03-12 11:22:10', '2021-07-06 08:08:08', NULL),
(135, 'Bishop Sutton Test', NULL, 'Bishop_Sutton_Test@gmail.com', NULL, NULL, 1, '2021-03-12 11:22:10', '2021-07-07 04:48:03', NULL),
(136, 'Chew Valley Whitchurch', NULL, 'Chew_Valley_Whitchurch@gmail.com', NULL, NULL, 0, '2021-03-12 11:22:10', NULL, NULL),
(137, 'Chew Valley Whitchuch', NULL, 'Chew_Valley_Whitchuch@gmail.com', NULL, NULL, 0, '2021-03-12 11:22:10', NULL, NULL),
(138, 'St John\'s Primary School, Keynsham', 'Aimee Clark', 'aclark@stjohnskeynsham.co.uk', '01179 863824', 'Charlton Park\r\nKeynsham\r\nBristol\r\nBS31 2NB', 1, '2021-03-12 12:27:44', '2021-06-21 09:43:30', NULL),
(139, 'Big Green Coach', 'John Freeman', 'john.freeman@biggreencoach.co.uk', '0', 'Unit F4, The Arch, 48-52 Floodgate Street, Birmingham, B5 5SL', 1, '2021-03-12 13:13:33', '2021-06-02 10:42:20', NULL),
(143, 'hariom nagar', NULL, 'hariom_nagar@gmail.com', NULL, NULL, 0, '2021-03-15 10:03:11', NULL, NULL),
(144, 'Rahul sharma', NULL, 'Rahul_sharma@gmail.com', NULL, NULL, 0, '2021-03-15 10:03:11', NULL, NULL),
(145, 'Wells Cathedral School', 'Claire Widdall', 'c.widdall@wells.cathedral.school', '01749 834270', '15 The Liberty, Wells BA5 2ST', 1, '2021-03-17 10:02:27', '2021-03-17 09:02:44', NULL),
(146, 'Keren Suchecki', 'Keren Suchecki', 'kerensuchecki@gmail.com', '0', 'TBC', 0, '2021-03-29 12:25:13', NULL, NULL),
(147, 'Roundhill Primary School', 'Kim Fenton', 'kim.fenton@roundhill-pri.co.uk', '01225 424950', 'Mount Road\r\nSouthdown\r\nBA2 1LG', 1, '2021-03-29 13:46:37', '2021-03-30 08:40:32', NULL),
(148, 'Andrew Gordon', 'Andrew Gordon', 'agordon345@googlemail.com', '0', 'TBC', 0, '2021-04-09 16:30:54', NULL, NULL),
(155, 'Chew Valley F', NULL, 'Chew_Valley_F@gmail.com', NULL, NULL, 0, '2021-04-15 05:48:48', NULL, NULL),
(156, 'Norton Hill', NULL, 'Norton_Hill@gmail.com', NULL, NULL, 0, '2021-04-15 05:48:48', NULL, NULL),
(157, 'Chew Valley P', NULL, 'Chew_Valley_P@gmail.com', NULL, NULL, 0, '2021-04-15 05:48:48', NULL, NULL),
(158, 'Chew Valley C', NULL, 'Chew_Valley_C@gmail.com', NULL, NULL, 0, '2021-04-15 05:48:48', NULL, NULL),
(159, 'St John\'s Catholic Primary School', 'Sue Ayres', 'sayres@stjohns.bathnes.sch.uk', '01225 303990', 'Oldfield Lane\r\nBath\r\nBath and North East Somerset \r\nBA2 3NR', 1, '2021-04-20 15:46:32', '2021-05-18 06:54:03', NULL),
(160, 'Oasis Academy New Oak', 'Hayley Williams', 'Oasis@academy.com', '01275 894570', 'Walsh Avenue, Hengrove, Bristol BS14 9SN', 0, '2021-05-19 13:49:43', NULL, NULL),
(161, 'Chew Valley C - AM', NULL, 'Chew_Valley_C_-_AM@gmail.com', NULL, NULL, 0, '2021-05-20 09:17:16', NULL, NULL),
(162, 'Chew Valley C - PM', NULL, 'Chew_Valley_C_-_PM@gmail.com', NULL, NULL, 0, '2021-05-20 09:17:16', NULL, NULL),
(163, 'Wellsway School', 'Fiona Rogers', 'wellsway@school.com', '011179', 'handag Road, Keynsham, Bristol, BS31 1PH', 1, '2021-05-20 09:30:21', '2021-05-20 07:32:06', NULL),
(164, 'Ilminster Avenue Academy', 'Chanice Richards', 'email@ilminster.com', '011', 'Ilminster Avenue', 0, '2021-05-20 14:40:29', NULL, NULL),
(165, 'Bristol Cathedral School', 'Sue', 'Sue@bristolcathedralschool.org', '01179', 'Bristol', 1, '2021-08-31 11:13:47', '2021-08-31 09:17:21', NULL),
(166, 'Roundhill Primary', 'Dave', 'Dave@roundhillprimary.com', '01225', 'Bath', 1, '2021-08-31 11:15:22', '2021-08-31 09:17:24', NULL),
(167, 'Henary Ford', 'Henary Ford', 'ford@gmail.com', '9173826413', 'Test Address', 0, '2021-09-02 07:18:02', NULL, NULL),
(168, 'Henary Ford', 'Henary Ford', 'ford1@gmail.com', '9173826413', 'Test Address', 0, '2021-09-02 07:20:30', NULL, NULL),
(169, 'Henary Ford', 'Henary Ford', 'ford41@gmail.com', '9173826413', 'Test Address', 0, '2021-09-02 07:21:41', NULL, NULL),
(170, 'Henary Ford', 'Henary Ford', 'ford451@gmail.com', '9173826413', 'Test Address', 0, '2021-09-02 07:23:28', NULL, NULL),
(171, 'Henary Ford', 'Henary Ford', 'ford4551@gmail.com', '9173826413', 'Test Address', 1, '2021-09-02 07:26:28', '2021-09-02 05:27:58', NULL),
(172, 'Tom', 'Tom Ford', 'tom.ford@gmail.com', '9173824665', 'Tom Address', 1, '2021-09-02 09:01:04', '2021-09-02 07:03:39', NULL);

-- --------------------------------------------------------

--
-- Table structure for table `failed_jobs`
--

CREATE TABLE `failed_jobs` (
  `id` bigint(20) UNSIGNED NOT NULL,
  `connection` text COLLATE utf8_unicode_ci NOT NULL,
  `queue` text COLLATE utf8_unicode_ci NOT NULL,
  `payload` longtext COLLATE utf8_unicode_ci NOT NULL,
  `exception` longtext COLLATE utf8_unicode_ci NOT NULL,
  `failed_at` timestamp NOT NULL DEFAULT current_timestamp()
) ENGINE=MyISAM DEFAULT CHARSET=utf8 COLLATE=utf8_unicode_ci;

-- --------------------------------------------------------

--
-- Table structure for table `inquiries`
--

CREATE TABLE `inquiries` (
  `id` int(11) UNSIGNED NOT NULL,
  `customer_id` int(11) UNSIGNED DEFAULT NULL,
  `pick_up_point` varchar(255) NOT NULL DEFAULT '',
  `am_pm` varchar(50) DEFAULT NULL,
  `pick_up_time` time DEFAULT NULL,
  `destination` varchar(255) NOT NULL DEFAULT '0',
  `trip_start_date` datetime DEFAULT NULL,
  `trip_starting_time` bigint(20) NOT NULL,
  `return_date` datetime DEFAULT NULL,
  `trip_end_time` bigint(20) DEFAULT NULL,
  `return_time` time DEFAULT NULL,
  `is_one_way` tinyint(1) DEFAULT NULL,
  `total_mileage` varchar(11) NOT NULL DEFAULT '1',
  `no_of_driver_hours` varchar(20) NOT NULL DEFAULT '1',
  `supplemental_costs_1` float(10,2) UNSIGNED DEFAULT 0.00,
  `supplemental_costs_2` float(10,2) UNSIGNED DEFAULT 0.00,
  `supplemental_costs_3` float(10,2) UNSIGNED DEFAULT 0.00,
  `deposit_required` float(10,2) UNSIGNED NOT NULL DEFAULT 0.00,
  `balance_outstanding` float(10,2) UNSIGNED NOT NULL DEFAULT 0.00,
  `total_charge` float(10,2) UNSIGNED NOT NULL DEFAULT 0.00,
  `deposit_received` float(10,2) UNSIGNED NOT NULL DEFAULT 0.00,
  `quated_by` bigint(20) NOT NULL DEFAULT 0 COMMENT 'user_id',
  `quotation_no` int(11) UNSIGNED NOT NULL DEFAULT 0,
  `purchase_order_no` int(11) DEFAULT NULL,
  `no_of_passengers` int(11) UNSIGNED NOT NULL DEFAULT 0,
  `no_of_wheelchairs` int(11) UNSIGNED DEFAULT NULL,
  `booking_date` date DEFAULT NULL,
  `driver_sheet_notes` text DEFAULT NULL,
  `luggage` enum('YES','NO') NOT NULL DEFAULT 'NO',
  `status` enum('Cancelled','Confirmed','Quotation','Assigned','Start','Completed') NOT NULL DEFAULT 'Quotation',
  `is_school` int(11) NOT NULL DEFAULT 0,
  `created_at` timestamp NOT NULL DEFAULT current_timestamp(),
  `updated_at` timestamp NULL DEFAULT current_timestamp() ON UPDATE current_timestamp(),
  `school_start_date` varchar(100) DEFAULT NULL,
  `school_close_date` varchar(100) DEFAULT NULL,
  `report_time` time DEFAULT NULL,
  `job_end_time` time DEFAULT NULL,
  `trip_end_date` date DEFAULT NULL,
  `trip_ending_time` bigint(20) DEFAULT NULL,
  `invoice` bigint(20) DEFAULT NULL
) ENGINE=InnoDB DEFAULT CHARSET=utf8mb4;

--
-- Dumping data for table `inquiries`
--

INSERT INTO `inquiries` (`id`, `customer_id`, `pick_up_point`, `am_pm`, `pick_up_time`, `destination`, `trip_start_date`, `trip_starting_time`, `return_date`, `trip_end_time`, `return_time`, `is_one_way`, `total_mileage`, `no_of_driver_hours`, `supplemental_costs_1`, `supplemental_costs_2`, `supplemental_costs_3`, `deposit_required`, `balance_outstanding`, `total_charge`, `deposit_received`, `quated_by`, `quotation_no`, `purchase_order_no`, `no_of_passengers`, `no_of_wheelchairs`, `booking_date`, `driver_sheet_notes`, `luggage`, `status`, `is_school`, `created_at`, `updated_at`, `school_start_date`, `school_close_date`, `report_time`, `job_end_time`, `trip_end_date`, `trip_ending_time`, `invoice`) VALUES
(405448, 133, 'Frampton Cotterell Primary School', NULL, '12:35:00', 'Yate Leisure Centre,  Kennedy Way, Yate, Bristol, BS37 4DQ', '2021-06-21 00:00:00', 0, '2021-06-21 00:00:00', 0, '15:00:00', NULL, '50', '5', NULL, NULL, NULL, 19.25, 192.50, 192.50, 0.00, 1, 757146, NULL, 50, NULL, '2021-03-09', '', 'YES', 'Confirmed', 0, '2021-03-09 14:42:03', '2021-03-12 10:09:46', NULL, NULL, NULL, NULL, NULL, NULL, NULL),
(405449, 133, 'Wells Cathedral School', NULL, '12:00:00', 'Bath', '2021-03-13 00:00:00', 0, '2021-03-13 00:00:00', 0, '14:00:00', NULL, '50', '8', NULL, NULL, NULL, 29.50, 295.00, 295.00, 0.00, 1, 956575, NULL, 45, NULL, '2021-03-12', 'Rectory Road\r\nFrampton Cotterell\r\nBristol \r\nBS36 2ER', 'NO', 'Assigned', 0, '2021-03-12 10:12:17', '2021-03-16 06:51:03', NULL, NULL, NULL, NULL, NULL, NULL, NULL),
(405456, 138, 'St John\'s Primary, Park Rd entrance, Keynsham, BS31 1BU', NULL, '08:55:00', 'MOJO Active BS32 4DF', '2021-06-29 00:00:00', 0, '2021-06-29 00:00:00', 0, '14:00:00', NULL, '60', '8', NULL, NULL, NULL, 24.90, 249.00, 249.00, 0.00, 1, 281008, NULL, 35, NULL, '2021-03-12', '', 'NO', 'Quotation', 0, '2021-03-12 11:27:44', '2021-03-12 12:27:44', NULL, NULL, NULL, NULL, NULL, NULL, NULL),
(405457, 139, 'Bristol & Swindon', NULL, '13:30:00', 'Reading Festival', '2021-08-25 00:00:00', 0, NULL, 0, NULL, 1, '195', '8', NULL, NULL, NULL, 45.45, 454.50, 454.50, 0.00, 1, 640802, NULL, 49, NULL, '2021-03-12', '', 'NO', 'Quotation', 0, '2021-03-12 12:13:33', '2021-03-12 13:13:33', NULL, NULL, NULL, NULL, NULL, NULL, NULL),
(405458, 139, 'Bristol & Swindon', NULL, '07:30:00', 'Reading Festival', '2021-08-26 00:00:00', 0, NULL, 0, NULL, 1, '195', '8', NULL, NULL, NULL, 45.45, 454.50, 454.50, 0.00, 1, 375165, NULL, 49, NULL, '2021-03-12', '', 'NO', 'Quotation', 0, '2021-03-12 12:17:21', '2021-03-12 13:17:21', NULL, NULL, NULL, NULL, NULL, NULL, NULL),
(405459, 139, 'Bristol', NULL, NULL, 'Reading Festival', '2021-08-26 00:00:00', 0, NULL, 0, NULL, 1, '190', '8', NULL, NULL, NULL, 44.90, 449.00, 449.00, 0.00, 1, 279017, NULL, 49, NULL, '2021-03-12', '', 'YES', 'Quotation', 0, '2021-03-12 12:18:52', '2021-03-12 13:18:52', NULL, NULL, NULL, NULL, NULL, NULL, NULL),
(405460, 139, 'Bristol', NULL, '07:30:00', 'Reading Festival', '2021-08-27 00:00:00', 0, '2021-08-27 00:00:00', 0, '23:59:00', NULL, '380', '16', NULL, NULL, NULL, 79.80, 798.00, 798.00, 0.00, 1, 331356, NULL, 49, NULL, '2021-03-12', '', 'YES', 'Quotation', 0, '2021-03-12 12:22:59', '2021-03-12 13:22:59', NULL, NULL, NULL, NULL, NULL, NULL, NULL),
(405498, 145, 'Wells Cathedral School, 15 The Liberty, Wells BA5 2ST', NULL, '11:00:00', 'Heathrow, Terminal 2, Inner Ring E, Hounslow TW6 1RR', '2021-03-26 00:00:00', 0, NULL, 0, NULL, 1, '250', '11', NULL, 0.00, 0.00, 41.00, 410.00, 410.00, 0.00, 1, 415113, NULL, 16, 0, '2021-03-17', '', 'YES', 'Assigned', 0, '2021-03-17 09:06:54', '2021-03-24 05:56:51', NULL, NULL, NULL, NULL, NULL, NULL, NULL),
(405499, 145, 'Wells Cathedral School', NULL, '12:30:00', 'Queens College Taunton', '2021-04-24 00:00:00', 0, '2021-04-24 00:00:00', 0, '16:15:00', NULL, '95', '8', NULL, NULL, NULL, 23.15, 231.50, 231.50, 0.00, 1, 644508, NULL, 14, NULL, '2021-03-25', '', 'NO', 'Quotation', 0, '2021-03-25 14:38:08', '2021-03-25 15:38:08', NULL, NULL, NULL, NULL, NULL, NULL, NULL),
(405500, 145, 'Wells Cathedral School', NULL, '12:30:00', 'Clayesmore', '2021-05-15 00:00:00', 0, '2021-05-15 00:00:00', 0, '17:00:00', NULL, '100', '8', NULL, NULL, NULL, 27.50, 275.00, 275.00, 0.00, 1, 463915, NULL, 27, NULL, '2021-03-25', '', 'YES', 'Quotation', 0, '2021-03-25 14:40:50', '2021-03-25 15:40:50', NULL, NULL, NULL, NULL, NULL, NULL, NULL),
(405501, 145, 'Wells Cathedral School', NULL, '11:00:00', 'Prior Park, Bath', '2021-05-22 00:00:00', 0, '2021-05-22 00:00:00', 0, '15:00:00', NULL, '75', '8', NULL, NULL, NULL, 22.63, 226.25, 226.25, 0.00, 1, 484420, NULL, 27, NULL, '2021-03-25', '', 'YES', 'Quotation', 0, '2021-03-25 14:43:18', '2021-03-25 15:43:18', NULL, NULL, NULL, NULL, NULL, NULL, NULL),
(405502, 145, 'Wells Cathedral School', NULL, '15:15:00', 'Bruton School for Girls', '2021-05-27 00:00:00', 0, '2021-05-27 00:00:00', 0, '17:30:00', NULL, '70', '6', NULL, NULL, NULL, 18.30, 183.00, 183.00, 0.00, 1, 131819, NULL, 7, NULL, '2021-03-25', '', 'YES', 'Quotation', 0, '2021-03-25 14:45:47', '2021-03-25 15:45:47', NULL, NULL, NULL, NULL, NULL, NULL, NULL),
(405503, 145, 'Wells Cathedral School', NULL, '15:00:00', 'Millfield School', '2021-06-16 00:00:00', 0, '2021-06-16 00:00:00', 0, '17:30:00', NULL, '50', '6', NULL, NULL, NULL, 26.00, 260.00, 260.00, 0.00, 1, 520534, NULL, 27, NULL, '2021-03-25', 'Needs large coach for social distancing', 'YES', 'Quotation', 0, '2021-03-25 14:50:03', '2021-03-25 15:50:03', NULL, NULL, NULL, NULL, NULL, NULL, NULL),
(405504, 146, 'South Bristol', NULL, '10:30:00', 'Oldwalls, Llwynbwch Farm, The Gower, Swansea SA3 1HA', '2021-07-23 00:00:00', 0, '2021-07-24 00:00:00', 0, '12:00:00', NULL, '480', '20', NULL, NULL, NULL, 102.80, 1028.00, 1028.00, 0.00, 1, 532236, NULL, 40, NULL, '2021-03-29', '', 'YES', 'Quotation', 0, '2021-03-29 10:25:13', '2021-03-29 12:25:13', NULL, NULL, NULL, NULL, NULL, NULL, NULL),
(405505, 147, 'Roundhill Primary', NULL, '08:15:00', 'Charterhouse Centre, Blagdon, Bristol, BS40 7XR', '2021-05-05 00:00:00', 0, '2021-05-05 00:00:00', 0, '16:30:00', NULL, '95', '8', NULL, NULL, NULL, 34.45, 344.50, 344.50, 0.00, 1, 251324, NULL, 46, NULL, '2021-03-29', '', 'YES', 'Confirmed', 0, '2021-03-29 11:46:37', '2021-03-30 08:40:31', NULL, NULL, NULL, NULL, NULL, NULL, NULL),
(405506, 148, 'Clifton', NULL, '10:00:00', 'Weston Lodge Shooting Ground, Coast Road, Portishead', '2021-08-28 00:00:00', 0, '2021-08-28 00:00:00', 0, '12:30:00', NULL, '60', '6', NULL, NULL, NULL, 17.80, 178.00, 178.00, 0.00, 1, 897894, NULL, 16, NULL, '2021-04-09', '', 'NO', 'Quotation', 0, '2021-04-09 14:30:54', '2021-04-09 16:30:54', NULL, NULL, NULL, NULL, NULL, NULL, NULL),
(647805, 159, 'St John\'s Primary, Oldfield Lane, Bath', NULL, '09:30:00', 'Skern Lodge', '2021-07-16 00:00:00', 0, '2021-07-19 00:00:00', 0, '12:30:00', NULL, '550', '20', NULL, NULL, NULL, 105.50, 1055.00, 1055.00, 0.00, 1, 505923, NULL, 51, NULL, '2021-04-20', '', 'YES', 'Confirmed', 0, '2021-04-20 13:46:32', '2021-05-18 06:54:03', NULL, NULL, NULL, NULL, NULL, NULL, NULL),
(647806, 160, 'Oasis Academy New Oak', NULL, '09:30:00', 'Croft Farm, Bredons Hardwick, Tewksbury, GL20 7EE', '2022-04-25 00:00:00', 0, '2022-04-27 00:00:00', 0, '13:00:00', NULL, '280', '13', NULL, NULL, NULL, 63.55, 635.50, 635.50, 0.00, 2, 514998, NULL, 40, NULL, '2021-05-19', '', 'YES', 'Quotation', 0, '2021-05-19 11:49:43', '2021-05-19 13:49:43', NULL, NULL, NULL, NULL, NULL, NULL, NULL),
(647819, 163, 'Gatwick Airport', NULL, '14:00:00', 'Wellsway School', '2022-02-27 00:00:00', 0, NULL, 0, NULL, 1, '300', '10', 20.00, NULL, NULL, 62.50, 625.00, 625.00, 0.00, 2, 461225, NULL, 39, 0, '2021-05-20', '', 'YES', 'Assigned', 0, '2021-05-20 07:30:21', '2021-05-20 07:39:26', NULL, NULL, NULL, NULL, NULL, NULL, NULL),
(647820, 164, 'Ilminster Avenue Academy', NULL, '08:30:00', 'Cleeve Rugby Club, The Hayfields, Cossham St, Emersons Green, Bristol BS16 9EN', '2021-07-16 00:00:00', 0, '2021-07-16 00:00:00', 0, '16:00:00', NULL, '45', '9', NULL, NULL, NULL, 30.70, 307.00, 307.00, 0.00, 2, 175600, NULL, 43, NULL, '2021-05-20', '', 'NO', 'Quotation', 0, '2021-05-20 12:40:29', '2021-05-20 14:40:29', NULL, NULL, NULL, NULL, NULL, NULL, NULL),
(647840, 145, 'Wells Cathedral School', NULL, '08:30:00', 'Charmouth', '2021-06-07 00:00:00', 0, '2021-06-07 00:00:00', 0, '15:00:00', NULL, '150', '10', 0.00, 0.00, 0.00, 44.00, 440.00, 440.00, 0.00, 2, 973386, NULL, 55, NULL, '2021-06-02', '', 'YES', 'Cancelled', 0, '2021-06-02 10:34:09', '2021-06-02 10:34:09', NULL, NULL, NULL, NULL, NULL, NULL, NULL),
(647841, 145, 'Wells Cathedral School', NULL, '08:30:00', 'Bath', '2021-06-14 00:00:00', 0, '2021-06-14 00:00:00', 0, '15:00:00', NULL, '75', '10', NULL, NULL, NULL, 30.75, 307.50, 307.50, 0.00, 2, 666850, NULL, 55, NULL, '2021-05-25', '', 'YES', 'Quotation', 0, '2021-05-25 10:45:10', '2021-05-25 12:45:10', NULL, NULL, NULL, NULL, NULL, NULL, NULL),
(647842, 133, 'Wells Cathedral School', NULL, '08:00:00', 'Bath', '2021-06-07 00:00:00', 0, '2021-06-07 00:00:00', 0, '09:30:00', NULL, '40', '5', NULL, NULL, NULL, 23.15, 231.50, 231.50, 0.00, 2, 458975, NULL, 43, NULL, '2021-06-02', '', 'YES', 'Assigned', 0, '2021-06-02 10:36:00', '2021-06-02 10:43:06', NULL, NULL, NULL, NULL, NULL, NULL, NULL),
(647843, 139, 'Bristol', NULL, '11:00:00', 'WSM', '2021-06-07 00:00:00', 0, '2021-06-07 00:00:00', 0, '15:00:00', NULL, '60', '8', NULL, NULL, NULL, 30.60, 306.00, 306.00, 0.00, 2, 607283, NULL, 45, NULL, '2021-06-02', '', 'NO', 'Confirmed', 0, '2021-06-02 10:41:43', '2021-06-02 10:42:20', NULL, NULL, NULL, NULL, NULL, NULL, NULL),
(647844, 134, 'test', NULL, '17:25:00', 'sddfdsfsdfds', '2021-06-04 00:00:00', 0, '2021-06-05 00:00:00', 0, '14:27:00', NULL, '1', '1', 10.00, 10.00, 10.00, 14.86, 138.60, 148.60, 10.00, 2, 422971, NULL, 3, 3, '2021-06-03', '3', 'YES', 'Quotation', 0, '2021-06-03 06:55:55', '2021-06-03 08:55:55', NULL, NULL, NULL, '14:28:00', NULL, NULL, NULL),
(647845, 133, 'Frampton Cotterell Primary School', NULL, '08:00:00', 'Bristol', '2021-06-08 00:00:00', 0, '2021-06-08 00:00:00', 0, '09:30:00', NULL, '40', '4', NULL, NULL, NULL, 16.40, 164.00, 164.00, 0.00, 2, 553598, NULL, 45, NULL, '2021-06-03', '', 'NO', 'Assigned', 0, '2021-06-03 09:26:44', '2021-06-09 09:30:53', NULL, NULL, NULL, '10:30:00', NULL, NULL, NULL),
(647846, 139, 'Wells', NULL, '10:35:00', 'Bath', '2021-06-08 00:00:00', 0, '2021-06-08 00:00:00', 0, '12:00:00', NULL, '50', '5', NULL, NULL, NULL, 19.25, 192.50, 192.50, 0.00, 2, 606468, NULL, 44, NULL, '2021-06-03', '', 'YES', 'Confirmed', 0, '2021-06-03 09:28:13', '2021-06-03 09:34:12', NULL, NULL, NULL, '13:00:00', NULL, NULL, NULL),
(647847, 147, 'Roundhill Primary', NULL, '14:30:00', 'Wells Cathedral', '2021-06-08 00:00:00', 0, '2021-06-08 00:00:00', 0, '17:00:00', NULL, '35', '6', NULL, NULL, NULL, 19.35, 193.50, 193.50, 0.00, 2, 321032, NULL, 37, NULL, '2021-06-03', '', 'NO', 'Confirmed', 0, '2021-06-03 09:30:50', '2021-06-03 09:34:06', NULL, NULL, NULL, '18:00:00', NULL, NULL, NULL),
(647848, 133, 'Frampton Cotterell', NULL, '09:00:00', 'Bath', '2021-06-25 00:00:00', 0, '2021-06-25 00:00:00', 0, '10:30:00', NULL, '50', '5', NULL, NULL, NULL, 14.25, 142.50, 142.50, 0.00, 2, 765741, NULL, 45, NULL, '2021-06-21', '', 'NO', 'Confirmed', 0, '2021-06-21 09:41:00', '2021-06-21 09:43:25', NULL, NULL, NULL, '10:45:00', NULL, NULL, NULL),
(647849, 138, 'St Johns Primary, Keynsham', NULL, '10:50:00', 'Bristol', '2021-07-07 00:00:00', 0, '2021-07-07 00:00:00', 0, '12:00:00', NULL, '50', '5', 0.00, 0.00, 0.00, 19.25, 192.50, 192.50, 0.00, 2, 314126, NULL, 45, NULL, '2021-07-05', '', 'NO', 'Confirmed', 0, '2021-07-05 07:49:17', '2021-07-05 07:49:17', NULL, NULL, NULL, '12:30:00', NULL, NULL, NULL),
(647850, 145, 'Wells', NULL, '13:30:00', 'Bath', '2021-07-07 00:00:00', 0, '2021-07-07 00:00:00', 0, '16:00:00', NULL, '60', '7', 0.00, 0.00, 0.00, 23.85, 238.50, 238.50, 0.00, 2, 953816, NULL, 40, NULL, '2021-07-05', '', 'NO', 'Confirmed', 0, '2021-07-05 07:48:20', '2021-07-05 07:48:20', NULL, NULL, NULL, '17:00:00', NULL, NULL, NULL),
(647851, 147, 'Roundhill', NULL, '10:30:00', 'Westbury', '2021-07-07 00:00:00', 0, '2021-07-07 00:00:00', 0, '18:00:00', NULL, '80', '10', 0.00, 0.00, 0.00, 31.30, 313.00, 313.00, 0.00, 2, 884457, NULL, 48, NULL, '2021-07-05', '', 'NO', 'Confirmed', 0, '2021-07-05 07:47:59', '2021-07-05 07:47:59', NULL, NULL, NULL, '19:00:00', NULL, NULL, NULL),
(647852, 133, 'Frampton Cotterell', NULL, '10:00:00', 'Bath', '2021-07-15 00:00:00', 0, '2021-07-15 00:00:00', 0, '11:59:00', NULL, '20', '5', 0.00, 0.00, 0.00, 13.25, 132.50, 132.50, 0.00, 2, 314080, NULL, 20, NULL, '2021-07-12', '', 'YES', 'Assigned', 0, '2021-07-12 11:55:45', '2021-07-12 11:57:16', NULL, NULL, NULL, '12:30:00', NULL, NULL, NULL),
(647853, 139, 'Spain', NULL, '13:30:00', 'Portugal', '2021-07-10 00:00:00', 0, '2021-07-10 00:00:00', 0, '16:00:00', NULL, '50', '5', 0.00, 0.00, 0.00, 19.25, 192.50, 192.50, 0.00, 2, 497757, NULL, 25, NULL, '2021-07-12', '', 'YES', 'Confirmed', 0, '2021-07-12 12:02:01', '2021-07-12 12:02:01', NULL, NULL, NULL, '16:30:00', NULL, NULL, NULL),
(647854, 134, 'Chew School', NULL, '08:05:00', 'Chew lake', '2021-07-15 00:00:00', 0, '2021-07-15 00:00:00', 0, '15:05:00', NULL, '10', '8', 0.00, 0.00, 0.00, 17.75, 177.50, 177.50, 0.00, 1, 816561, NULL, 30, NULL, '2021-07-12', '', 'YES', 'Assigned', 0, '2021-07-12 11:54:53', '2021-07-12 11:58:26', NULL, NULL, NULL, '16:06:00', NULL, NULL, NULL),
(647855, 134, 'chew School', NULL, '17:06:00', 'Chew Stoke', '2021-07-15 00:00:00', 0, '2021-07-15 00:00:00', 0, '20:07:00', NULL, '10', '4', 0.00, 0.00, 0.00, 10.75, 107.50, 107.50, 0.00, 1, 388280, NULL, 30, NULL, '2021-07-12', '', 'YES', 'Assigned', 0, '2021-07-12 11:54:35', '2021-07-12 12:00:36', NULL, NULL, NULL, '21:07:00', NULL, NULL, NULL),
(647856, 134, 'Pickup Destination', NULL, '10:00:00', 'End Destination', '2021-07-08 00:00:00', 0, '2021-07-09 00:00:00', 0, '10:00:00', NULL, '1', '1', NULL, NULL, NULL, 3.85, 38.50, 38.50, 0.00, 2, 732087, NULL, 10, NULL, '2021-07-07', '', 'YES', 'Assigned', 0, '2021-07-07 04:46:10', '2021-07-07 04:55:24', NULL, NULL, NULL, '23:59:00', NULL, NULL, NULL),
(647857, 135, 'New Bishop', NULL, '10:00:00', 'End Bishop', '2021-07-09 00:00:00', 0, '2021-07-10 00:00:00', 0, '10:00:00', NULL, '1', '1', NULL, NULL, NULL, 3.85, 38.50, 38.50, 0.00, 2, 928578, NULL, 10, NULL, '2021-07-07', '', 'YES', 'Assigned', 0, '2021-07-07 04:47:32', '2021-07-07 04:56:12', NULL, NULL, NULL, '23:59:00', NULL, NULL, NULL),
(647858, 133, 'Source', NULL, '10:30:00', 'Destination', '2021-07-16 00:00:00', 0, '2021-07-16 00:00:00', 0, '12:30:00', NULL, '1', '1', 0.00, 0.00, 0.00, 6.86, 68.60, 68.60, 0.00, 2, 663186, NULL, 55, NULL, '2021-07-15', '', 'YES', 'Confirmed', 0, '2021-07-15 05:24:46', '2021-07-15 05:24:46', NULL, NULL, NULL, '12:30:00', NULL, NULL, NULL),
(647859, 133, 'Source', NULL, '11:00:00', 'Destination', '2021-07-16 00:00:00', 0, '2021-07-16 00:00:00', 0, '13:00:00', NULL, '1', '1', 0.00, 0.00, 0.00, 6.86, 68.60, 68.60, 0.00, 2, 960224, NULL, 50, NULL, '2021-07-15', '', 'YES', 'Assigned', 0, '2021-07-15 05:24:21', '2021-07-15 05:30:00', NULL, NULL, NULL, '13:00:00', NULL, NULL, NULL),
(647860, 165, 'Bristol Cathedral School', NULL, '09:00:00', 'Bath', '2021-09-03 00:00:00', 0, '2021-09-03 00:00:00', 0, '11:00:00', NULL, '50', '5', 2.50, NULL, NULL, 19.50, 195.00, 195.00, 0.00, 2, 186354, NULL, 40, NULL, '2021-08-31', '', 'NO', 'Assigned', 0, '2021-08-31 09:13:47', '2021-08-31 09:18:24', NULL, NULL, NULL, '11:45:00', NULL, NULL, NULL),
(647861, 166, 'Roundhill Primary', NULL, '12:00:00', 'Bristol', '2021-09-03 00:00:00', 0, '2021-09-03 00:00:00', 0, '15:00:00', NULL, '50', '5', 2.50, NULL, NULL, 19.50, 195.00, 195.00, 0.00, 2, 125442, NULL, 45, NULL, '2021-08-31', '', 'NO', 'Assigned', 0, '2021-08-31 09:15:22', '2021-08-31 09:20:35', NULL, NULL, NULL, '15:30:00', NULL, NULL, NULL),
(647862, 138, 'St Johns, Keynsham', NULL, '10:00:00', 'Bath', '2021-09-03 00:00:00', 0, '2021-09-03 00:00:00', 0, '16:00:00', NULL, '100', '6', NULL, NULL, NULL, 26.50, 265.00, 265.00, 0.00, 2, 363932, NULL, 42, NULL, '2021-08-31', '', 'NO', 'Assigned', 0, '2021-08-31 09:16:39', '2021-08-31 09:22:20', NULL, NULL, NULL, '17:00:00', NULL, NULL, NULL),
(647863, 133, 'First Point', NULL, '11:00:00', 'Next Point', '2021-09-02 00:00:00', 0, NULL, 0, NULL, 1, '1', '4', NULL, NULL, NULL, 12.11, 121.10, 121.10, 0.00, 2, 806984, NULL, 25, NULL, '2021-09-01', '', 'YES', 'Confirmed', 0, '2021-09-01 08:09:51', '2021-09-01 08:10:50', NULL, NULL, NULL, '15:00:00', NULL, NULL, NULL),
(647864, 171, 'New Destination', NULL, '06:00:00', 'End Destination', '2021-09-10 00:00:00', 1631253600, NULL, NULL, NULL, 1, '1', '6', NULL, NULL, NULL, 12.85, 128.50, 128.50, 0.00, 2, 898616, NULL, 8, NULL, '2021-09-02', '', 'YES', 'Confirmed', 0, '2021-09-02 05:26:28', '2021-09-02 05:27:58', NULL, NULL, NULL, '00:00:00', '2021-09-10', 1631232000, NULL),
(647865, 172, 'Starting Destination', NULL, '06:00:00', 'Finish Destination', '2021-09-15 00:00:00', 1631685600, NULL, NULL, NULL, 1, '1', '6', NULL, NULL, NULL, 12.85, 128.50, 128.50, 0.00, 2, 598094, NULL, 6, NULL, '2021-09-02', '', 'YES', 'Assigned', 0, '2021-09-02 07:01:04', '2021-09-02 07:04:28', NULL, NULL, NULL, '12:00:00', '2021-09-15', 1631707200, NULL),
(647866, 172, 'New Jersy', NULL, '06:00:00', 'End New Jersy', '2021-09-15 00:00:00', 1631685600, NULL, NULL, NULL, 1, '1', '10', NULL, NULL, NULL, 20.05, 200.50, 200.50, 0.00, 2, 512334, NULL, 2, NULL, '2021-09-02', '', 'YES', 'Confirmed', 0, '2021-09-02 07:02:42', '2021-09-02 07:03:39', NULL, NULL, NULL, '16:00:00', '2021-09-15', 1631721600, NULL),
(647867, 133, 'Frampton Cotterell Primary School', NULL, '09:00:00', 'Bath', '2021-09-13 00:00:00', 1631523600, '2021-09-13 00:00:00', 1631538000, '13:00:00', NULL, '40', '5', NULL, NULL, NULL, 14.75, 147.50, 147.50, 0.00, 2, 662472, NULL, 25, NULL, '2021-09-09', '', 'NO', 'Assigned', 0, '2021-09-09 13:27:32', '2021-09-09 13:44:54', NULL, NULL, NULL, '14:00:00', '2021-09-13', 1631541600, NULL),
(647868, 138, 'St John\'s Primary, Park Rd entrance, Keynsham, BS31 1BU', NULL, '13:30:00', 'Bristol', '2021-09-13 00:00:00', 1631539800, '2021-09-13 00:00:00', 1631547000, '15:30:00', NULL, '40', '6', NULL, NULL, NULL, 16.50, 165.00, 165.00, 0.00, 2, 156142, NULL, 22, NULL, '2021-09-09', '', 'YES', 'Assigned', 0, '2021-09-09 13:29:05', '2021-09-10 09:33:55', NULL, NULL, NULL, '16:30:00', '2021-09-13', 1631550600, 8798);

-- --------------------------------------------------------

--
-- Table structure for table `migrations`
--

CREATE TABLE `migrations` (
  `id` int(10) UNSIGNED NOT NULL,
  `migration` varchar(255) COLLATE utf8_unicode_ci NOT NULL,
  `batch` int(11) NOT NULL
) ENGINE=MyISAM DEFAULT CHARSET=utf8 COLLATE=utf8_unicode_ci;

--
-- Dumping data for table `migrations`
--

INSERT INTO `migrations` (`id`, `migration`, `batch`) VALUES
(1, '2014_10_12_000000_create_users_table', 1),
(2, '2014_10_12_100000_create_password_resets_table', 1),
(3, '2019_08_19_000000_create_failed_jobs_table', 1);

-- --------------------------------------------------------

--
-- Table structure for table `order_items`
--

CREATE TABLE `order_items` (
  `id` int(11) UNSIGNED NOT NULL,
  `order_id` int(11) NOT NULL,
  `quantity` varchar(255) NOT NULL,
  `description` varchar(255) NOT NULL,
  `vehicle_no` varchar(255) NOT NULL,
  `unit_price` varchar(255) NOT NULL,
  `extended_price` varchar(255) NOT NULL,
  `created_at` timestamp NULL DEFAULT NULL,
  `updated_at` timestamp NULL DEFAULT NULL ON UPDATE current_timestamp()
) ENGINE=InnoDB DEFAULT CHARSET=latin1;

--
-- Dumping data for table `order_items`
--

INSERT INTO `order_items` (`id`, `order_id`, `quantity`, `description`, `vehicle_no`, `unit_price`, `extended_price`, `created_at`, `updated_at`) VALUES
(1, 1, '1', 'test des', 'rj14 sc3434', '14.05', '14.05', NULL, NULL);

-- --------------------------------------------------------

--
-- Table structure for table `password_resets`
--

CREATE TABLE `password_resets` (
  `email` varchar(255) COLLATE utf8_unicode_ci NOT NULL,
  `token` varchar(255) COLLATE utf8_unicode_ci NOT NULL,
  `created_at` timestamp NULL DEFAULT NULL
) ENGINE=MyISAM DEFAULT CHARSET=utf8 COLLATE=utf8_unicode_ci;

--
-- Dumping data for table `password_resets`
--

INSERT INTO `password_resets` (`email`, `token`, `created_at`) VALUES
('hariom@3edgetechnovision.com', '$2y$10$305LPaJ5jSy7k2kV1n9VluIHRb1n/zm4ZvVCkVG.0vJ8j5RiVtDC6', '2020-02-29 03:37:18'),
('shariomnagar@gmail.com', '$2y$10$MYTpb/zPqxThx95Rr/VtD.xwuFK2tuLur2nBjvK22FVLcipmykphC', '2020-02-13 23:13:36');

-- --------------------------------------------------------

--
-- Table structure for table `purchase_order`
--

CREATE TABLE `purchase_order` (
  `id` int(11) NOT NULL,
  `supplier_id` int(11) UNSIGNED NOT NULL,
  `order_no` int(11) NOT NULL,
  `date` date NOT NULL,
  `ordered_by` varchar(255) NOT NULL,
  `subtotal` varchar(255) NOT NULL,
  `carriage` varchar(255) DEFAULT NULL,
  `total_exc_vat` varchar(255) NOT NULL,
  `vat` varchar(255) NOT NULL,
  `payment_method` varchar(255) DEFAULT NULL,
  `total_inc_vac` varchar(255) NOT NULL,
  `special_instuctions` text DEFAULT NULL,
  `created_at` timestamp NULL DEFAULT NULL,
  `updated_at` timestamp NULL DEFAULT NULL ON UPDATE current_timestamp()
) ENGINE=InnoDB DEFAULT CHARSET=latin1;

-- --------------------------------------------------------

--
-- Table structure for table `roles`
--

CREATE TABLE `roles` (
  `id` bigint(20) UNSIGNED NOT NULL,
  `name` varchar(191) COLLATE utf8mb4_unicode_ci NOT NULL,
  `created_at` timestamp NULL DEFAULT current_timestamp(),
  `updated_at` timestamp NULL DEFAULT NULL
) ENGINE=InnoDB DEFAULT CHARSET=utf8mb4 COLLATE=utf8mb4_unicode_ci;

--
-- Dumping data for table `roles`
--

INSERT INTO `roles` (`id`, `name`, `created_at`, `updated_at`) VALUES
(1, 'super_admin', '2020-02-19 18:30:00', NULL),
(2, 'admin', '2020-02-19 18:30:00', NULL),
(3, 'driver', '2020-02-19 18:30:00', NULL);

-- --------------------------------------------------------

--
-- Table structure for table `role_user`
--

CREATE TABLE `role_user` (
  `id` bigint(20) UNSIGNED NOT NULL,
  `role_id` bigint(20) UNSIGNED NOT NULL COMMENT '1->super_admin , 2->admin, 3->driver',
  `user_id` bigint(20) UNSIGNED NOT NULL,
  `driver_booking_status` enum('Available','Booked') COLLATE utf8mb4_unicode_ci NOT NULL DEFAULT 'Available',
  `created_at` timestamp NOT NULL DEFAULT current_timestamp(),
  `updated_at` timestamp NULL DEFAULT NULL
) ENGINE=InnoDB DEFAULT CHARSET=utf8mb4 COLLATE=utf8mb4_unicode_ci;

--
-- Dumping data for table `role_user`
--

INSERT INTO `role_user` (`id`, `role_id`, `user_id`, `driver_booking_status`, `created_at`, `updated_at`) VALUES
(1, 1, 1, 'Available', '2020-02-19 18:30:00', '2020-03-11 09:57:12'),
(2, 2, 2, 'Available', '2020-02-19 18:30:00', '2020-03-11 09:57:15'),
(38, 3, 45, 'Booked', '2020-07-02 13:06:45', NULL),
(39, 3, 46, 'Booked', '2020-07-02 13:30:49', NULL),
(40, 3, 47, 'Booked', '2020-07-02 13:31:07', NULL),
(41, 3, 48, 'Available', '2020-07-02 13:31:20', NULL),
(42, 3, 49, 'Booked', '2020-07-02 13:31:47', NULL),
(43, 3, 50, 'Available', '2020-07-02 13:32:00', NULL),
(44, 3, 51, 'Booked', '2020-07-02 13:32:14', NULL),
(45, 3, 52, 'Booked', '2020-07-02 13:32:35', NULL),
(46, 3, 53, 'Booked', '2020-07-02 13:33:29', NULL),
(47, 3, 54, 'Booked', '2020-07-02 13:34:01', NULL),
(48, 3, 55, 'Booked', '2020-07-02 13:34:26', NULL),
(49, 3, 56, 'Available', '2020-07-02 13:34:38', NULL),
(50, 3, 57, 'Booked', '2020-07-02 13:35:15', NULL),
(51, 3, 58, 'Available', '2020-09-17 09:01:24', NULL);

-- --------------------------------------------------------

--
-- Table structure for table `school`
--

CREATE TABLE `school` (
  `SchoolID` int(11) NOT NULL,
  `Name` varchar(255) NOT NULL,
  `Address` varchar(255) NOT NULL,
  `created_at` datetime NOT NULL DEFAULT current_timestamp(),
  `deleted_at` datetime DEFAULT NULL,
  `updated_at` datetime NOT NULL DEFAULT current_timestamp()
) ENGINE=InnoDB DEFAULT CHARSET=utf8;

--
-- Dumping data for table `school`
--

INSERT INTO `school` (`SchoolID`, `Name`, `Address`, `created_at`, `deleted_at`, `updated_at`) VALUES
(2, 'test2', 'test2', '2020-12-03 00:00:00', NULL, '0000-00-00 00:00:00'),
(3, 'test3', 'test3', '2020-12-01 09:09:21', NULL, '0000-00-00 00:00:00'),
(8, 'test4', 'test', '2020-12-03 06:25:19', NULL, '2020-12-03 06:25:19'),
(9, 'Chew Valley', 'Chew Magna', '2020-12-14 10:57:28', NULL, '2020-12-14 10:57:28');

-- --------------------------------------------------------

--
-- Table structure for table `suppliers`
--

CREATE TABLE `suppliers` (
  `id` int(11) NOT NULL,
  `name` varchar(255) NOT NULL,
  `phone` varchar(20) NOT NULL,
  `email` varchar(100) NOT NULL,
  `address` text NOT NULL,
  `status` enum('AC','IA') NOT NULL DEFAULT 'AC',
  `created_at` timestamp NULL DEFAULT NULL,
  `updated_at` timestamp NULL DEFAULT NULL ON UPDATE current_timestamp()
) ENGINE=InnoDB DEFAULT CHARSET=latin1;

--
-- Dumping data for table `suppliers`
--

INSERT INTO `suppliers` (`id`, `name`, `phone`, `email`, `address`, `status`, `created_at`, `updated_at`) VALUES
(1, 'rohit sharma', '992684347', 'test.supplier@demo.com', 'cvczv', 'AC', NULL, NULL);

-- --------------------------------------------------------

--
-- Table structure for table `users`
--

CREATE TABLE `users` (
  `id` bigint(20) UNSIGNED NOT NULL,
  `name` varchar(255) COLLATE utf8_unicode_ci NOT NULL,
  `email` varchar(255) COLLATE utf8_unicode_ci NOT NULL,
  `email_verified_at` timestamp NULL DEFAULT NULL,
  `password` varchar(255) COLLATE utf8_unicode_ci NOT NULL,
  `remember_token` varchar(100) COLLATE utf8_unicode_ci DEFAULT NULL,
  `user_type` enum('superadmin','driver','admin') COLLATE utf8_unicode_ci NOT NULL DEFAULT 'driver',
  `status` tinyint(1) NOT NULL DEFAULT 1 COMMENT '1->active , 0->inactive',
  `created_at` timestamp NULL DEFAULT current_timestamp(),
  `updated_at` timestamp NULL DEFAULT NULL,
  `deleted_at` timestamp NULL DEFAULT NULL
) ENGINE=InnoDB DEFAULT CHARSET=utf8 COLLATE=utf8_unicode_ci;

--
-- Dumping data for table `users`
--

INSERT INTO `users` (`id`, `name`, `email`, `email_verified_at`, `password`, `remember_token`, `user_type`, `status`, `created_at`, `updated_at`, `deleted_at`) VALUES
(1, 'super admin', 'superadmin@gmail.com', NULL, '$2y$10$K9D1sqP/ukI5mO/OooqU5eKu1dhy46vqttpA9aVeHhLtUCFQpMrz.', 'NG8Cr51T0C3Kv2kxXKgzliHX7ytzV0lZkVc61RrYQCaIdNht9uL0AI66aNeO', 'superadmin', 1, '2020-02-13 04:49:11', '2020-02-13 04:49:11', NULL),
(2, 'admin', 'admin@gmail.com', NULL, '$2y$10$t3kWoggHYQrR1SSctFhC5.MdkB.y7IyHx42WDz.DVarMSmkOZob9S', 'eQ5fy7YDvdUoeTrNtmgmrb54210rFq5m8gKeAOJTd8JVw95w6j7EvZC0zByw', 'admin', 1, '2020-02-13 04:56:38', '2020-02-13 04:56:38', NULL),
(45, 'Roy', 'Test@test.com', NULL, '$2y$10$7OJfJ7NC5kw4VcglG3w/hOmOfe1CpcbRLqmZFWLToRgoOaIY91.c6', NULL, 'driver', 1, '2020-07-02 11:06:45', '2020-09-17 07:48:46', NULL),
(46, 'Mirel', 'Mirel@mirel.com', NULL, '$2y$10$Xv.TNcY6KhHlrbeBjN3qN.KoKmlpYgWFIqSrlIY7WrftOpUigMMIO', NULL, 'driver', 1, '2020-07-02 11:30:49', '2020-09-17 07:48:07', NULL),
(47, 'Kevin', 'kevin@kevin.com', NULL, '$2y$10$pszeWwQVGHSXL370X0cfM.AX2xwXBaecqqkv02qkbKVEOz3gGlJ8C', NULL, 'driver', 1, '2020-07-02 11:31:07', '2020-09-17 07:48:18', NULL),
(48, 'Matt', 'Matt@matt.com', NULL, '$2y$10$w0z85/0u0jAb6L8dpmaG7.sFJ68V5VzbgrLk5hwjHkv3euV8DLBE6', NULL, 'driver', 1, '2020-07-02 11:31:20', '2020-09-17 07:48:27', NULL),
(49, 'Jake', 'Jake@jake.com', NULL, '$2y$10$d.fDcRrgNPjm5IQUn7GON.izpUsw5Z6FxCAm7VFb92p8PgRFx0uq6', NULL, 'driver', 1, '2020-07-02 11:31:47', '2020-07-02 11:31:47', NULL),
(50, 'Ian', 'Ian@ian.com', NULL, '$2y$10$.erRNtjLrJ1mNvbIu0aqu.1J98jRnURSh2oxSFfPOwx3cmmvo7o66', NULL, 'driver', 1, '2020-07-02 11:32:00', '2020-07-02 11:32:00', NULL),
(51, 'Barrie', 'Barrie@barrie.com', NULL, '$2y$10$UhkCnQUr2O8oNiHCojYzXOhBE9ysW5MooWI96qbQnrsjN7.8OaEce', NULL, 'driver', 1, '2020-07-02 11:32:14', '2020-07-02 11:32:14', NULL),
(52, 'Rob Atk', 'Rob@rob.com', NULL, '$2y$10$fJrD4hFKw2frLl9skFu0veS3QYOqR1nYyoiyT3.6C8XoxpuC8.oJm', NULL, 'driver', 1, '2020-07-02 11:32:35', '2020-07-02 11:32:35', NULL),
(53, 'Kelvin', 'Kelv@kelv.com', NULL, '$2y$10$H4r2jg1polHQXYbE/K4VkePw36NmKmSUgmWlB992T8HOrZyI1witi', NULL, 'driver', 1, '2020-07-02 11:33:29', '2020-07-02 11:33:29', NULL),
(54, 'Colin', 'Colin@colin.com', NULL, '$2y$10$EofJZgJXlO6nJlvHi9Mw5uVjz0Qa7ceq8EnmXIUTrDY6K2rtOmqMC', NULL, 'driver', 1, '2020-07-02 11:34:01', '2020-07-02 11:34:01', NULL),
(55, 'Tony', 'tony@tony.com', NULL, '$2y$10$ujSSPkYEFrIOC1Eml8jLh.vhCGxwrWGbFS22mbqVU9As0epGOY2pq', NULL, 'driver', 1, '2020-07-02 11:34:26', '2020-07-02 11:34:26', NULL),
(56, 'Tim', 'Tim@tim.com', NULL, '$2y$10$RE1X376QkuFxsqtTkzMcmOeFo3kzp.grEzdlfHvkKf0NGzChdpJiq', NULL, 'driver', 1, '2020-07-02 11:34:38', '2020-09-17 07:48:56', NULL),
(57, 'Gordon', 'Gordon@gordon.com', NULL, '$2y$10$Whn64cofdH0BTYvWfcQrHuihIkLLyNk2ksq4mZslf7DO2C6cLNRTi', NULL, 'driver', 1, '2020-07-02 11:35:15', '2020-09-17 06:51:05', NULL),
(58, 'hariom', 'hariom@3edgetechnovision.com', NULL, '$2y$10$IYLM54or4hoDJe60dwC/rO3fMeuwa9o3PU2ZSY66Uy3ogGFPQjCnK', NULL, 'driver', 1, '2020-09-17 07:01:24', '2020-09-17 07:01:24', NULL);

--
-- Indexes for dumped tables
--

--
-- Indexes for table `bookings`
--
ALTER TABLE `bookings`
  ADD PRIMARY KEY (`id`);

--
-- Indexes for table `coaches`
--
ALTER TABLE `coaches`
  ADD PRIMARY KEY (`id`),
  ADD KEY `FK1_coach_type_coach_types` (`coach_type`);

--
-- Indexes for table `coach_driver_trip`
--
ALTER TABLE `coach_driver_trip`
  ADD PRIMARY KEY (`id`),
  ADD KEY `FK_coach_driver_trip_users` (`driver_id`),
  ADD KEY `FK2` (`trip_id`),
  ADD KEY `FK3` (`coach_id`);

--
-- Indexes for table `coach_types`
--
ALTER TABLE `coach_types`
  ADD PRIMARY KEY (`id`);

--
-- Indexes for table `coach_types_inquiries`
--
ALTER TABLE `coach_types_inquiries`
  ADD PRIMARY KEY (`id`),
  ADD KEY `FK_coach_types_inquiries_coach_types` (`coach_type_id`),
  ADD KEY `FK_coach_types_inquiries_inquiries` (`inquiry_id`);

--
-- Indexes for table `customers`
--
ALTER TABLE `customers`
  ADD PRIMARY KEY (`id`);

--
-- Indexes for table `failed_jobs`
--
ALTER TABLE `failed_jobs`
  ADD PRIMARY KEY (`id`);

--
-- Indexes for table `inquiries`
--
ALTER TABLE `inquiries`
  ADD PRIMARY KEY (`id`),
  ADD KEY `FK_inquiries_customers` (`customer_id`),
  ADD KEY `FK4` (`quated_by`);

--
-- Indexes for table `migrations`
--
ALTER TABLE `migrations`
  ADD PRIMARY KEY (`id`);

--
-- Indexes for table `order_items`
--
ALTER TABLE `order_items`
  ADD PRIMARY KEY (`id`);

--
-- Indexes for table `password_resets`
--
ALTER TABLE `password_resets`
  ADD KEY `password_resets_email_index` (`email`);

--
-- Indexes for table `purchase_order`
--
ALTER TABLE `purchase_order`
  ADD PRIMARY KEY (`id`);

--
-- Indexes for table `roles`
--
ALTER TABLE `roles`
  ADD PRIMARY KEY (`id`);

--
-- Indexes for table `role_user`
--
ALTER TABLE `role_user`
  ADD PRIMARY KEY (`id`),
  ADD KEY `roles` (`role_id`),
  ADD KEY `users` (`user_id`);

--
-- Indexes for table `school`
--
ALTER TABLE `school`
  ADD PRIMARY KEY (`SchoolID`);

--
-- Indexes for table `suppliers`
--
ALTER TABLE `suppliers`
  ADD PRIMARY KEY (`id`);

--
-- Indexes for table `users`
--
ALTER TABLE `users`
  ADD PRIMARY KEY (`id`),
  ADD UNIQUE KEY `users_email_unique` (`email`);

--
-- AUTO_INCREMENT for dumped tables
--

--
-- AUTO_INCREMENT for table `bookings`
--
ALTER TABLE `bookings`
  MODIFY `id` int(11) NOT NULL AUTO_INCREMENT, AUTO_INCREMENT=17;

--
-- AUTO_INCREMENT for table `coaches`
--
ALTER TABLE `coaches`
  MODIFY `id` int(11) NOT NULL AUTO_INCREMENT, AUTO_INCREMENT=34;

--
-- AUTO_INCREMENT for table `coach_driver_trip`
--
ALTER TABLE `coach_driver_trip`
  MODIFY `id` int(11) NOT NULL AUTO_INCREMENT, AUTO_INCREMENT=62;

--
-- AUTO_INCREMENT for table `coach_types`
--
ALTER TABLE `coach_types`
  MODIFY `id` int(11) NOT NULL AUTO_INCREMENT, AUTO_INCREMENT=38;

--
-- AUTO_INCREMENT for table `coach_types_inquiries`
--
ALTER TABLE `coach_types_inquiries`
  MODIFY `id` int(11) NOT NULL AUTO_INCREMENT, AUTO_INCREMENT=242690;

--
-- AUTO_INCREMENT for table `customers`
--
ALTER TABLE `customers`
  MODIFY `id` int(11) NOT NULL AUTO_INCREMENT, AUTO_INCREMENT=173;

--
-- AUTO_INCREMENT for table `failed_jobs`
--
ALTER TABLE `failed_jobs`
  MODIFY `id` bigint(20) UNSIGNED NOT NULL AUTO_INCREMENT;

--
-- AUTO_INCREMENT for table `inquiries`
--
ALTER TABLE `inquiries`
  MODIFY `id` int(11) UNSIGNED NOT NULL AUTO_INCREMENT, AUTO_INCREMENT=647869;

--
-- AUTO_INCREMENT for table `migrations`
--
ALTER TABLE `migrations`
  MODIFY `id` int(10) UNSIGNED NOT NULL AUTO_INCREMENT, AUTO_INCREMENT=4;

--
-- AUTO_INCREMENT for table `order_items`
--
ALTER TABLE `order_items`
  MODIFY `id` int(11) UNSIGNED NOT NULL AUTO_INCREMENT, AUTO_INCREMENT=2;

--
-- AUTO_INCREMENT for table `purchase_order`
--
ALTER TABLE `purchase_order`
  MODIFY `id` int(11) NOT NULL AUTO_INCREMENT;

--
-- AUTO_INCREMENT for table `roles`
--
ALTER TABLE `roles`
  MODIFY `id` bigint(20) UNSIGNED NOT NULL AUTO_INCREMENT, AUTO_INCREMENT=4;

--
-- AUTO_INCREMENT for table `role_user`
--
ALTER TABLE `role_user`
  MODIFY `id` bigint(20) UNSIGNED NOT NULL AUTO_INCREMENT, AUTO_INCREMENT=52;

--
-- AUTO_INCREMENT for table `school`
--
ALTER TABLE `school`
  MODIFY `SchoolID` int(11) NOT NULL AUTO_INCREMENT, AUTO_INCREMENT=10;

--
-- AUTO_INCREMENT for table `suppliers`
--
ALTER TABLE `suppliers`
  MODIFY `id` int(11) NOT NULL AUTO_INCREMENT, AUTO_INCREMENT=2;

--
-- AUTO_INCREMENT for table `users`
--
ALTER TABLE `users`
  MODIFY `id` bigint(20) UNSIGNED NOT NULL AUTO_INCREMENT, AUTO_INCREMENT=59;

--
-- Constraints for dumped tables
--

--
-- Constraints for table `role_user`
--
ALTER TABLE `role_user`
  ADD CONSTRAINT `role_user_ibfk_1` FOREIGN KEY (`role_id`) REFERENCES `roles` (`id`) ON DELETE CASCADE ON UPDATE CASCADE;
COMMIT;

/*!40101 SET CHARACTER_SET_CLIENT=@OLD_CHARACTER_SET_CLIENT */;
/*!40101 SET CHARACTER_SET_RESULTS=@OLD_CHARACTER_SET_RESULTS */;
/*!40101 SET COLLATION_CONNECTION=@OLD_COLLATION_CONNECTION */;
